date,V,MA
2016-01-04,75.69999694824219,89.65945434570312
2016-01-05,76.2699966430664,89.82966613769531
2016-01-06,75.2699966430664,88.45570373535156
2016-01-07,73.79000091552734,86.83536529541016
2016-01-08,72.87999725341797,85.17713165283203
2016-01-11,73.91999816894531,85.8309555053711
2016-01-12,74.76000213623047,86.64586639404297
2016-01-13,73.0999984741211,84.51382446289062
2016-01-14,73.80000305175781,85.95411682128906
2016-01-15,71.83000183105469,84.05899810791016
2016-01-19,71.38999938964844,81.69952392578125
2016-01-20,70.68000030517578,80.66668701171875
2016-01-21,71.55999755859375,81.60478210449219
2016-01-22,72.69999694824219,83.38622283935547
2016-01-25,71.73999786376953,82.22068786621094
2016-01-26,71.87999725341797,82.4386215209961
2016-01-27,70.91000366210938,80.36345672607422
2016-01-28,69.33000183105469,79.05580139160156
2016-01-29,74.48999786376953,84.3621826171875
2016-02-01,74.37999725341797,83.98316955566406
2016-02-02,73.4000015258789,81.42474365234375
2016-02-03,74.37999725341797,81.93643188476562
2016-02-04,73.68000030517578,81.80375671386719
2016-02-05,71.54000091552734,78.4209213256836
2016-02-08,67.7699966430664,76.42156982421875
2016-02-09,68.33000183105469,77.67237854003906
2016-02-10,70.1500015258789,78.9421157836914
2016-02-11,68.47000122070312,77.80502319335938
2016-02-12,70.41999816894531,80.43924713134766
2016-02-16,71.0999984741211,81.66161346435547
2016-02-17,72.02999877929688,82.63761901855469
2016-02-18,71.23999786376953,81.52897644042969
2016-02-19,71.52999877929688,82.23966979980469
2016-02-22,73.05999755859375,83.21566009521484
2016-02-23,72.1500015258789,81.69005584716797
2016-02-24,71.8499984741211,81.88905334472656
2016-02-25,73.2699966430664,82.8366470336914
2016-02-26,72.7300033569336,82.97875213623047
2016-02-29,72.38999938964844,82.36283874511719
2016-03-01,74.63999938964844,85.37611389160156
2016-03-02,74.30000305175781,85.17713165283203
2016-03-03,73.91000366210938,85.03498077392578
2016-03-04,73.9000015258789,85.32875061035156
2016-03-07,71.94000244140625,83.67047882080078
2016-03-08,70.62000274658203,82.29649353027344
2016-03-09,70.68000030517578,82.60920715332031
2016-03-10,70.22000122070312,82.33440399169922
2016-03-11,71.62999725341797,83.93580627441406
2016-03-14,71.48999786376953,84.21057891845703
2016-03-15,71.91000366210938,84.67488861083984
2016-03-16,72.37000274658203,85.29083251953125
2016-03-17,73.13999938964844,86.61743927001953
2016-03-18,73.77999877929688,87.47026824951172
2016-03-21,73.7699966430664,87.50814056396484
2016-03-22,72.95999908447266,86.94908905029297
2016-03-23,73.91000366210938,87.2996597290039
2016-03-24,74.13999938964844,87.0911865234375
2016-03-28,74.08000183105469,86.45634460449219
2016-03-29,75.37999725341797,87.91560363769531
2016-03-30,76.77999877929688,88.8915786743164
2016-03-31,76.4800033569336,89.54542541503906
2016-04-01,77.58999633789062,90.8436050415039
2016-04-04,77.83000183105469,90.06658172607422
2016-04-05,76.97000122070312,89.40327453613281
2016-04-06,78.20999908447266,89.96349334716797
2016-04-07,77.58000183105469,88.7861328125
2016-04-08,78.02999877929688,89.0519790649414
2016-04-11,77.81999969482422,88.7481460571289
2016-04-12,78.5199966430664,89.11842346191406
2016-04-13,79.70999908447266,90.91294860839844
2016-04-14,80.33000183105469,91.3117446899414
2016-04-15,80.08000183105469,91.79598236083984
2016-04-18,81.44999694824219,92.7359619140625
2016-04-19,80.75,92.32766723632812
2016-04-20,81.1500015258789,92.9543685913086
2016-04-21,80.79000091552734,92.61256408691406
2016-04-22,79.11000061035156,92.52706909179688
2016-04-25,78.13999938964844,92.08084106445312
2016-04-26,78.52999877929688,92.3561553955078
2016-04-27,78.76000213623047,93.41009521484376
2016-04-28,77.68000030517578,92.27071380615234
2016-04-29,77.23999786376953,92.09033966064452
2016-05-02,78.45999908447266,92.83092498779295
2016-05-03,77.19000244140625,91.5775909423828
2016-05-04,77.06999969482422,91.38771057128906
2016-05-05,77.36000061035156,91.33070373535156
2016-05-06,77.72000122070312,91.79598236083984
2016-05-09,78.22000122070312,91.83396911621094
2016-05-10,79.19999694824219,92.70746612548828
2016-05-11,77.30000305175781,91.53960418701172
2016-05-12,77.88999938964844,91.00787353515624
2016-05-13,76.83000183105469,90.54264068603516
2016-05-16,77.80000305175781,91.29273223876952
2016-05-17,76.79000091552734,90.77053833007812
2016-05-18,77.43000030517578,90.79901885986328
2016-05-19,76.87999725341797,89.916015625
2016-05-20,77.66999816894531,90.64712524414062
2016-05-23,77.20999908447266,90.2768096923828
2016-05-24,79.37999725341797,91.6061019897461
2016-05-25,79.05999755859375,91.5775909423828
2016-05-26,79.0,91.51114654541016
2016-05-27,79.66000366210938,92.27071380615234
2016-05-31,78.94000244140625,91.05538177490234
2016-06-01,79.22000122070312,91.53960418701172
2016-06-02,79.94999694824219,91.9858627319336
2016-06-03,79.94000244140625,91.17879486083984
2016-06-06,80.54000091552734,91.75800323486328
2016-06-07,80.5999984741211,91.79598236083984
2016-06-08,81.6500015258789,93.039794921875
2016-06-09,81.26000213623047,92.1187973022461
2016-06-10,80.18000030517578,90.40022277832033
2016-06-13,78.4000015258789,89.4317855834961
2016-06-14,78.56999969482422,89.3558120727539
2016-06-15,78.16999816894531,88.62468719482422
2016-06-16,78.3499984741211,89.32733154296875
2016-06-17,76.98999786376953,88.57723236083984
2016-06-20,77.33999633789062,89.58368682861328
2016-06-21,77.33000183105469,90.3052978515625
2016-06-22,76.52999877929688,89.30831146240234
2016-06-23,78.2300033569336,90.87494659423828
2016-06-24,75.05000305175781,86.84918212890625
2016-06-27,73.33999633789062,84.57041931152344
2016-06-28,75.16000366210938,85.85220336914062
2016-06-29,76.73999786376953,87.47583770751953
2016-06-30,74.16999816894531,83.6114273071289
2016-07-01,74.4800033569336,84.36152648925781
2016-07-05,74.66999816894531,83.7823257446289
2016-07-06,74.05999755859375,82.6214599609375
2016-07-07,74.51000213623047,83.55397033691406
2016-07-08,76.41999816894531,84.26763153076172
2016-07-11,76.5199966430664,84.44840240478516
2016-07-12,77.4800033569336,85.63784790039062
2016-07-13,77.45999908447266,85.96134948730469
2016-07-14,78.13999938964844,87.01754760742188
2016-07-15,78.30000305175781,86.52276611328125
2016-07-18,78.30999755859375,87.1602554321289
2016-07-19,78.72000122070312,87.9024887084961
2016-07-20,79.36000061035156,88.77788543701172
2016-07-21,78.79000091552734,87.97860717773438
2016-07-22,79.91000366210938,89.12045288085938
2016-07-25,78.94000244140625,88.49239349365234
2016-07-26,78.48999786376953,88.90157318115234
2016-07-27,78.52999877929688,89.2060546875
2016-07-28,79.19000244140625,91.35652160644533
2016-07-29,78.05000305175781,90.62385559082033
2016-08-01,78.26000213623047,90.4621124267578
2016-08-02,78.27999877929688,90.63336944580078
2016-08-03,78.70999908447266,90.47161102294922
2016-08-04,79.4800033569336,91.26139831542967
2016-08-05,80.13999938964844,92.1843719482422
2016-08-08,79.94999694824219,92.0892333984375
2016-08-09,80.05999755859375,92.01309967041016
2016-08-10,79.68000030517578,91.62295532226562
2016-08-11,80.12000274658203,91.85134887695312
2016-08-12,80.0199966430664,91.46119689941406
2016-08-15,80.91000366210938,91.76569366455078
2016-08-16,80.80999755859375,90.98543548583984
2016-08-17,80.83999633789062,90.9568862915039
2016-08-18,80.2699966430664,90.65240478515624
2016-08-19,80.47000122070312,90.60481262207033
2016-08-22,81.05999755859375,91.1471939086914
2016-08-23,80.80000305175781,91.62295532226562
2016-08-24,80.29000091552734,90.8998031616211
2016-08-25,80.31999969482422,90.9568862915039
2016-08-26,80.56999969482422,91.79425811767578
2016-08-29,80.87000274658203,92.0892333984375
2016-08-30,81.16999816894531,92.38420104980467
2016-08-31,80.9000015258789,91.9464874267578
2016-09-01,81.30000305175781,92.88850402832033
2016-09-02,82.0,93.14541625976562
2016-09-06,82.52999877929688,94.00180053710938
2016-09-07,83.23999786376953,94.74396514892578
2016-09-08,82.97000122070312,95.1341552734375
2016-09-09,81.33000183105469,93.39282989501952
2016-09-12,82.97000122070312,95.25784301757812
2016-09-13,81.88999938964844,94.57272338867188
2016-09-14,81.48999786376953,93.92568969726562
2016-09-15,82.01000213623047,94.64884185791016
2016-09-16,82.06999969482422,94.54415130615234
2016-09-19,82.51000213623047,94.84864044189452
2016-09-20,82.4800033569336,95.61940002441406
2016-09-21,83.22000122070312,96.35208892822266
2016-09-22,83.36000061035156,97.17040252685548
2016-09-23,82.54000091552734,96.73269653320312
2016-09-26,81.80999755859375,96.25691986083984
2016-09-27,82.16000366210938,96.53285217285156
2016-09-28,82.97000122070312,96.58997344970705
2016-09-29,81.91999816894531,95.73358154296876
2016-09-30,82.69999694824219,96.8373565673828
2016-10-03,82.86000061035156,96.94202423095705
2016-10-04,82.7300033569336,96.3140106201172
2016-10-05,83.3499984741211,97.62005615234376
2016-10-06,83.36000061035156,98.13485717773438
2016-10-07,82.87999725341797,97.47706604003906
2016-10-10,83.12000274658203,97.85840606689452
2016-10-11,82.04000091552734,96.61907196044922
2016-10-12,82.25,96.62860107421876
2016-10-13,81.87000274658203,95.95174407958984
2016-10-14,82.44999694824219,96.17100524902344
2016-10-17,82.1500015258789,96.1424331665039
2016-10-18,81.58000183105469,96.98136138916016
2016-10-19,82.80999755859375,97.9346694946289
2016-10-20,82.5,97.76304626464844
2016-10-21,82.3499984741211,98.04908752441406
2016-10-24,83.16999816894531,98.37320709228516
2016-10-25,82.02999877929688,98.0776596069336
2016-10-26,81.75,98.40180206298828
2016-10-27,81.91999816894531,98.76406860351562
2016-10-28,82.22000122070312,101.90999603271484
2016-10-31,82.51000213623047,102.02440643310548
2016-11-01,81.62000274658203,100.06056213378906
2016-11-02,80.58000183105469,99.1453857421875
2016-11-03,80.6500015258789,98.93565368652344
2016-11-04,80.36000061035156,98.22064208984376
2016-11-07,82.51000213623047,101.0138931274414
2016-11-08,82.87999725341797,100.76604461669922
2016-11-09,83.23999786376953,101.233154296875
2016-11-10,81.87000274658203,99.6220245361328
2016-11-11,81.87999725341797,99.7364501953125
2016-11-14,78.37999725341797,96.41887664794922
2016-11-15,78.56999969482422,97.69634246826172
2016-11-16,80.08000183105469,99.1453857421875
2016-11-17,81.06999969482422,99.5743637084961
2016-11-18,80.81999969482422,99.88895416259766
2016-11-21,81.69000244140625,100.9948272705078
2016-11-22,79.93000030517578,100.98529815673828
2016-11-23,79.56999969482422,99.6792449951172
2016-11-25,80.12999725341797,100.79460906982422
2016-11-28,79.08000183105469,98.53529357910156
2016-11-29,79.1500015258789,98.97380065917967
2016-11-30,77.31999969482422,97.42940521240234
2016-12-01,75.43000030517578,95.50371551513672
2016-12-02,75.72000122070312,96.3807373046875
2016-12-05,77.30999755859375,98.71637725830078
2016-12-06,77.11000061035156,97.23873901367188
2016-12-07,79.30999755859375,100.33702087402344
2016-12-08,79.27999877929688,99.92710876464844
2016-12-09,79.13999938964844,99.53622436523438
2016-12-12,78.5,98.45899963378906
2016-12-13,79.19999694824219,98.4971160888672
2016-12-14,79.12999725341797,98.45899963378906
2016-12-15,79.5,99.47904205322266
2016-12-16,78.3499984741211,98.60198974609376
2016-12-19,78.0999984741211,98.70684814453124
2016-12-20,78.36000061035156,99.66015625
2016-12-21,78.13999938964844,99.30745697021484
2016-12-22,77.9000015258789,99.44091796875
2016-12-23,78.1500015258789,99.82222747802734
2016-12-27,78.3499984741211,99.90802764892578
2016-12-28,78.30000305175781,98.84030151367188
2016-12-29,78.33000183105469,98.92611694335938
2016-12-30,78.0199966430664,98.4303970336914
2017-01-03,79.5,100.47049713134766
2017-01-04,80.1500015258789,101.42379760742188
2017-01-05,81.08999633789062,102.20716094970705
2017-01-06,82.20999908447266,102.94275665283205
2017-01-09,81.75,102.74211883544922
2017-01-10,81.30999755859375,102.52238464355467
2017-01-11,81.80000305175781,102.990478515625
2017-01-12,81.37000274658203,103.85027313232422
2017-01-13,81.16999816894531,103.84071350097656
2017-01-17,81.26000213623047,103.55413055419922
2017-01-18,81.58999633789062,103.80249786376952
2017-01-19,81.7300033569336,103.67829895019533
2017-01-20,81.83999633789062,105.04439544677734
2017-01-23,82.1500015258789,104.72911834716795
2017-01-24,83.2300033569336,105.00617980957033
2017-01-25,83.9000015258789,105.26409149169922
2017-01-26,83.23999786376953,104.49031829833984
2017-01-27,83.7699966430664,104.92974090576172
2017-01-30,83.69999694824219,104.41390228271484
2017-01-31,82.70999908447266,101.57665252685548
2017-02-01,82.44000244140625,100.30612182617188
2017-02-02,82.30000305175781,100.43987274169922
2017-02-03,86.08000183105469,101.81548309326172
2017-02-06,85.83000183105469,101.82505798339844
2017-02-07,85.77999877929688,101.83460998535156
2017-02-08,85.08999633789062,101.94923400878906
2017-02-09,85.58000183105469,102.50328826904295
2017-02-10,85.9000015258789,102.4746322631836
2017-02-13,86.44000244140625,103.43952941894533
2017-02-14,86.8499984741211,104.0126724243164
2017-02-15,87.54000091552734,104.75778198242188
2017-02-16,87.41000366210938,104.41390228271484
2017-02-17,87.45999908447266,104.52851104736328
2017-02-21,87.91999816894531,105.23545837402344
2017-02-22,87.80000305175781,104.5476303100586
2017-02-23,88.18000030517578,105.78952026367188
2017-02-24,88.43000030517578,106.03789520263672
2017-02-27,88.0,105.62712097167967
2017-02-28,87.94000244140625,105.52204132080078
2017-03-01,88.98999786376953,107.28933715820312
2017-03-02,88.52999877929688,106.35314178466795
2017-03-03,88.79000091552734,106.74481201171876
2017-03-06,88.94000244140625,106.38180541992188
2017-03-07,89.05999755859375,105.99969482421876
2017-03-08,88.95999908447266,106.01881408691406
2017-03-09,89.11000061035156,105.8372802734375
2017-03-10,89.7300033569336,106.2385025024414
2017-03-13,90.11000061035156,106.54419708251952
2017-03-14,89.55000305175781,105.55070495605467
2017-03-15,89.91999816894531,107.01227569580078
2017-03-16,90.04000091552734,107.63322448730467
2017-03-17,90.23999786376952,107.78609466552734
2017-03-20,89.18000030517578,107.38484954833984
2017-03-21,88.05999755859375,105.76085662841795
2017-03-22,88.5199966430664,106.4677505493164
2017-03-23,88.86000061035156,106.61109161376952
2017-03-24,89.19000244140625,106.97409057617188
2017-03-27,88.94999694824219,106.93586730957033
2017-03-28,89.12000274658203,107.4421844482422
2017-03-29,89.18000030517578,107.0505142211914
2017-03-30,89.01000213623047,107.63322448730467
2017-03-31,88.87000274658203,107.4421844482422
2017-04-03,89.36000061035156,107.22246551513672
2017-04-04,88.77999877929688,107.07915496826172
2017-04-05,89.02999877929688,107.2706298828125
2017-04-06,89.08999633789062,107.6151885986328
2017-04-07,88.73999786376953,107.43333435058594
2017-04-10,88.86000061035156,107.50989532470705
2017-04-11,88.8499984741211,107.30890655517578
2017-04-12,88.68000030517578,106.69629669189452
2017-04-13,88.87000274658203,106.45702362060548
2017-04-17,89.80999755859375,107.84488677978516
2017-04-18,89.7300033569336,107.70133972167967
2017-04-19,89.75,107.4811782836914
2017-04-20,91.1500015258789,109.68269348144533
2017-04-21,91.1500015258789,109.37637329101562
2017-04-24,91.8499984741211,110.7451629638672
2017-04-25,92.11000061035156,111.15672302246094
2017-04-26,91.81999969482422,111.19500732421876
2017-04-27,91.5999984741211,112.08521270751952
2017-04-28,91.22000122070312,111.33860778808594
2017-05-01,91.26000213623048,111.38645935058594
2017-05-02,92.54000091552734,113.0615234375
2017-05-03,92.44000244140624,112.30535125732422
2017-05-04,92.62000274658205,112.87008666992188
2017-05-05,92.08999633789062,112.46807861328124
2017-05-08,91.91999816894533,111.61618041992188
2017-05-09,92.0,111.42475128173828
2017-05-10,92.25,111.65445709228516
2017-05-11,92.0999984741211,111.53961181640624
2017-05-12,92.7300033569336,112.1138916015625
2017-05-15,93.2300033569336,113.14765167236328
2017-05-16,93.1500015258789,113.41566467285156
2017-05-17,91.76000213623048,111.7980499267578
2017-05-18,91.70999908447266,111.26203155517578
2017-05-19,92.4800033569336,112.5446319580078
2017-05-22,93.30999755859376,113.9038314819336
2017-05-23,93.86000061035156,114.47814178466795
2017-05-24,94.80999755859376,115.53101348876952
2017-05-25,95.04000091552734,116.69876861572266
2017-05-26,94.66999816894533,116.42121124267578
2017-05-30,94.72000122070312,116.44035339355467
2017-05-31,95.2300033569336,117.61766815185548
2017-06-01,95.4000015258789,118.11540222167967
2017-06-02,96.1500015258789,119.83832550048828
2017-06-05,96.5500030517578,120.50833892822266
2017-06-06,95.79000091552734,119.87660217285156
2017-06-07,96.08999633789062,119.8287353515625
2017-06-08,96.08999633789062,119.41717529296876
2017-06-09,94.55999755859376,117.77082824707033
2017-06-12,93.5,115.58848571777344
2017-06-13,95.08000183105467,117.08165740966795
2017-06-14,95.31999969482422,117.2539520263672
2017-06-15,94.16999816894533,116.22018432617188
2017-06-16,94.16999816894533,116.737060546875
2017-06-19,94.79000091552734,117.81867218017578
2017-06-20,94.37999725341795,117.66553497314452
2017-06-21,94.54000091552734,117.82825469970705
2017-06-22,93.9499969482422,118.01966857910156
2017-06-23,95.58000183105467,118.69927215576172
2017-06-26,95.22000122070312,118.23026275634766
2017-06-27,94.9000015258789,117.48365020751952
2017-06-28,96.2300033569336,119.46501159667967
2017-06-29,94.41999816894533,116.30634307861328
2017-06-30,93.77999877929688,116.2489013671875
2017-07-03,93.3499984741211,115.60761260986328
2017-07-05,94.01000213623048,116.9692840576172
2017-07-06,93.25,115.8377456665039
2017-07-07,93.91999816894533,117.1802215576172
2017-07-10,95.08999633789062,117.6884765625
2017-07-11,95.41000366210938,119.1268539428711
2017-07-12,96.18000030517578,120.13370513916016
2017-07-13,95.94000244140624,120.3158950805664
2017-07-14,96.93000030517578,121.79266357421876
2017-07-17,96.83000183105467,122.1954116821289
2017-07-18,97.58000183105467,122.48308563232422
2017-07-19,98.25,122.78034210205078
2017-07-20,98.11000061035156,123.19268798828124
2017-07-21,99.5999984741211,123.95980834960938
2017-07-24,100.37000274658205,124.19953918457033
2017-07-25,99.98999786376952,124.6406707763672
2017-07-26,100.8499984741211,125.60918426513672
2017-07-27,99.56999969482422,123.63380432128906
2017-07-28,99.1500015258789,122.65567779541016
2017-07-31,99.55999755859376,122.55020141601562
2017-08-01,100.87000274658205,124.17078399658205
2017-08-02,101.27999877929688,125.24476623535156
2017-08-03,100.58999633789062,124.55437469482422
2017-08-04,100.88999938964844,124.48722839355467
2017-08-07,101.48999786376952,125.02423095703124
2017-08-08,101.27999877929688,124.50638580322266
2017-08-09,100.97000122070312,124.3913345336914
2017-08-10,99.48999786376952,122.42552947998048
2017-08-11,100.08999633789062,123.26939392089844
2017-08-14,101.87000274658205,125.70503997802734
2017-08-15,102.62999725341795,126.17493438720705
2017-08-16,103.31999969482422,126.9324722290039
2017-08-17,102.16000366210938,125.50367736816406
2017-08-18,102.51000213623048,125.75296783447266
2017-08-21,103.22000122070312,126.52010345458984
2017-08-22,104.06999969482422,128.30374145507812
2017-08-23,103.18000030517578,127.60372924804688
2017-08-24,103.22000122070312,127.49819946289062
2017-08-25,103.3499984741211,127.29688262939452
2017-08-28,103.77999877929688,128.35169982910156
2017-08-29,103.7699966430664,128.342041015625
2017-08-30,103.7300033569336,128.30374145507812
2017-08-31,103.5199966430664,127.82430267333984
2017-09-01,103.9000015258789,127.76675415039062
2017-09-05,103.01000213623048,127.21052551269533
2017-09-06,103.18000030517578,127.4311294555664
2017-09-07,104.55999755859376,130.9215850830078
2017-09-08,104.43000030517578,131.58326721191406
2017-09-11,106.1500015258789,136.15731811523438
2017-09-12,106.20999908447266,136.5696563720703
2017-09-13,105.83000183105467,134.3449249267578
2017-09-14,106.08000183105467,135.6586456298828
2017-09-15,105.3000030517578,135.7641143798828
2017-09-18,104.83000183105467,135.59156799316406
2017-09-19,105.41000366210938,136.63677978515625
2017-09-20,104.97000122070312,136.39700317382812
2017-09-21,105.30999755859376,135.89837646484375
2017-09-22,105.55999755859376,136.06137084960938
2017-09-25,103.0199966430664,132.8778076171875
2017-09-26,102.94000244140624,132.68597412109375
2017-09-27,103.88999938964844,133.9325714111328
2017-09-28,104.58000183105467,134.4407958984375
2017-09-29,105.23999786376952,135.3997802734375
2017-10-02,105.44000244140624,135.99429321289062
2017-10-03,105.58999633789062,137.14498901367188
2017-10-04,105.30999755859376,136.253173828125
2017-10-05,106.23999786376952,138.0587615966797
2017-10-06,106.7300033569336,137.83786010742188
2017-10-09,107.01000213623048,138.82708740234375
2017-10-10,107.30999755859376,139.8834991455078
2017-10-11,108.44000244140624,141.03602600097656
2017-10-12,108.11000061035156,140.9303741455078
2017-10-13,108.66000366210938,141.5066375732422
2017-10-16,108.3000030517578,140.43101501464844
2017-10-17,107.54000091552734,140.15245056152344
2017-10-18,107.8000030517578,140.4021453857422
2017-10-19,107.0199966430664,139.2401123046875
2017-10-20,107.5500030517578,139.624267578125
2017-10-23,107.52999877929688,139.79710388183594
2017-10-24,108.41000366210938,140.02760314941406
2017-10-25,109.48999786376952,140.4501953125
2017-10-26,109.8000030517578,140.7863006591797
2017-10-27,109.70999908447266,142.63987731933594
2017-10-30,110.04000091552734,143.05287170410156
2017-10-31,109.9800033569336,142.87998962402344
2017-11-01,111.06999969482422,142.9952850341797
2017-11-02,110.9800033569336,142.3805694580078
2017-11-03,111.36000061035156,143.37942504882812
2017-11-06,111.91999816894533,144.14773559570312
2017-11-07,112.08999633789062,144.03244018554688
2017-11-08,112.47000122070312,144.03244018554688
2017-11-09,112.13999938964844,143.37942504882812
2017-11-10,111.87999725341795,143.61952209472656
2017-11-13,111.4000015258789,143.76358032226562
2017-11-14,111.9800033569336,144.01327514648438
2017-11-15,110.25,142.45745849609375
2017-11-16,111.0199966430664,144.3782196044922
2017-11-17,109.81999969482422,143.12010192871094
2017-11-20,109.9499969482422,143.63873291015625
2017-11-21,111.4499969482422,146.47190856933594
2017-11-22,110.81999969482422,145.26181030273438
2017-11-24,111.97000122070312,146.69288635253906
2017-11-27,112.37999725341795,146.9137420654297
2017-11-28,113.36000061035156,148.08543395996094
2017-11-29,109.86000061035156,142.47665405273438
2017-11-30,112.58999633789062,144.5126953125
2017-12-01,110.7300033569336,143.76358032226562
2017-12-04,107.43000030517578,137.75137329101562
2017-12-05,108.58000183105467,139.38412475585938
2017-12-06,109.73999786376952,141.58346557617188
2017-12-07,111.4000015258789,143.53309631347656
2017-12-08,112.5999984741211,143.95567321777344
2017-12-11,112.37000274658205,144.90646362304688
2017-12-12,113.45999908447266,146.46231079101562
2017-12-13,113.30999755859376,145.68441772460938
2017-12-14,112.91999816894533,145.91493225097656
2017-12-15,113.81999969482422,147.32672119140625
2017-12-18,113.5500030517578,147.0577850341797
2017-12-19,112.13999938964844,145.67478942871094
2017-12-20,112.12000274658205,145.45387268066406
2017-12-21,112.41000366210938,144.57032775878906
2017-12-22,112.69000244140624,144.87767028808594
2017-12-26,112.98999786376952,145.2906494140625
2017-12-27,114.0199966430664,145.4058837890625
2017-12-28,114.3499984741211,145.76119995117188
2017-12-29,114.0199966430664,145.36746215820312
2018-01-02,114.51000213623048,145.89569091796875
2018-01-03,115.6500015258789,147.73008728027344
2018-01-04,116.08000183105467,149.6412811279297
2018-01-05,118.86000061035156,152.74337768554688
2018-01-08,119.33999633789062,153.2051544189453
2018-01-09,119.11000061035156,153.4263916015625
2018-01-10,118.9800033569336,153.77267456054688
2018-01-11,119.83999633789062,154.79232788085938
2018-01-12,120.08999633789062,156.1486053466797
2018-01-16,120.38999938964844,156.1100616455078
2018-01-17,121.9800033569336,158.0628204345703
2018-01-18,123.11000061035156,159.17864990234375
2018-01-19,122.6999969482422,160.47726440429688
2018-01-22,124.33000183105467,161.87208557128906
2018-01-23,124.6500015258789,160.8235626220703
2018-01-24,124.5500030517578,160.650390625
2018-01-25,125.22000122070312,162.17027282714844
2018-01-26,126.31999969482422,163.85357666015625
2018-01-29,124.83999633789062,162.1317596435547
2018-01-30,123.5500030517578,160.8235626220703
2018-01-31,124.2300033569336,162.5646514892578
2018-02-01,125.72000122070312,166.34495544433594
2018-02-02,120.91000366210938,164.0555877685547
2018-02-05,116.2699966430664,158.322509765625
2018-02-06,119.97000122070312,162.83401489257812
2018-02-07,119.6500015258789,162.30490112304688
2018-02-08,113.86000061035156,154.5037078857422
2018-02-09,116.31999969482422,158.90933227539062
2018-02-12,118.47000122070312,161.7854461669922
2018-02-13,118.3499984741211,163.64198303222656
2018-02-14,120.83000183105467,165.95057678222656
2018-02-15,122.27999877929688,168.0379180908203
2018-02-16,121.8499984741211,168.96142578125
2018-02-20,122.01000213623048,168.6728515625
2018-02-21,120.43000030517578,165.7582244873047
2018-02-22,120.37999725341795,166.36422729492188
2018-02-23,122.93000030517578,169.06719970703125
2018-02-26,124.58999633789062,171.0968780517578
2018-02-27,123.37000274658205,169.230712890625
2018-02-28,122.94000244140624,169.06719970703125
2018-03-01,120.4000015258789,166.88363647460938
2018-03-02,120.7699966430664,168.35537719726562
2018-03-05,121.87999725341795,171.73167419433594
2018-03-06,121.05999755859376,170.76979064941406
2018-03-07,121.8499984741211,172.3858642578125
2018-03-08,122.22000122070312,172.42433166503906
2018-03-09,124.51000213623048,176.2623748779297
2018-03-12,124.23999786376952,175.5890655517578
2018-03-13,123.1999969482422,174.1172637939453
2018-03-14,122.58000183105467,173.26116943359375
2018-03-15,123.41000366210938,174.0595703125
2018-03-16,124.52999877929688,175.59869384765625
2018-03-19,123.20999908447266,173.70361328125
2018-03-20,124.91000366210938,175.56015014648438
2018-03-21,123.22000122070312,173.8671875
2018-03-22,119.98999786376952,168.83636474609375
2018-03-23,117.0,165.286865234375
2018-03-26,120.63999938964844,170.42352294921875
2018-03-27,117.4000015258789,165.95057678222656
2018-03-28,116.98999786376952,163.86322021484375
2018-03-29,119.62000274658205,168.49000549316406
2018-04-02,118.38999938964844,165.06561279296875
2018-04-03,119.1999969482422,165.90248107910156
2018-04-04,119.80999755859376,167.0759735107422
2018-04-05,121.19000244140624,169.1056671142578
2018-04-06,117.6999969482422,163.47044372558594
2018-04-09,118.79000091552734,164.08692932128906
2018-04-10,120.72000122070312,168.30616760253906
2018-04-11,119.77999877929688,166.0327911376953
2018-04-12,121.06999969482422,168.38323974609375
2018-04-13,120.75,167.87269592285156
2018-04-16,121.87999725341795,167.48736572265625
2018-04-17,123.8000030517578,171.79322814941406
2018-04-18,124.4800033569336,172.8721160888672
2018-04-19,123.95999908447266,172.4386749267578
2018-04-20,124.1999969482422,170.57949829101562
2018-04-23,124.45999908447266,168.99005126953125
2018-04-24,121.2699966430664,166.88046264648438
2018-04-25,121.20999908447266,166.13873291015625
2018-04-26,127.08000183105467,171.619873046875
2018-04-27,126.01000213623048,169.4813232421875
2018-04-30,126.87999725341795,171.72584533691406
2018-05-01,127.51000213623048,173.6331787109375
2018-05-02,126.37999725341795,178.99868774414062
2018-05-03,127.18000030517578,179.6344451904297
2018-05-04,128.16000366210938,181.26239013671875
2018-05-07,129.25999450683594,182.1582489013672
2018-05-08,129.89999389648438,183.53579711914065
2018-05-09,130.83999633789062,183.6321258544922
2018-05-10,131.0,185.9632568359375
2018-05-11,131.82000732421875,186.25222778320312
2018-05-14,131.2100067138672,185.06739807128903
2018-05-15,131.10000610351562,184.9518280029297
2018-05-16,130.88999938964844,185.31784057617188
2018-05-17,129.92999267578125,184.18116760253903
2018-05-18,129.92999267578125,183.41050720214844
2018-05-21,130.66000366210938,184.18116760253903
2018-05-22,130.7100067138672,184.5857696533203
2018-05-23,131.8800048828125,185.90548706054688
2018-05-24,131.88999938964844,184.8651428222656
2018-05-25,131.27999877929688,184.15228271484375
2018-05-29,129.69000244140625,182.5724945068359
2018-05-30,130.63999938964844,184.72059631347656
2018-05-31,130.72000122070312,183.1407928466797
2018-06-01,130.85000610351562,188.19813537597656
2018-06-04,133.07000732421875,190.4714813232422
2018-06-05,133.55999755859375,192.0416259765625
2018-06-06,136.27999877929688,195.7503204345703
2018-06-07,133.83999633789062,192.2150421142578
2018-06-08,134.74000549316406,192.69664001464844
2018-06-11,133.91000366210938,191.20358276367188
2018-06-12,134.86000061035156,192.78334045410156
2018-06-13,134.39999389648438,192.08978271484375
2018-06-14,135.0,191.99343872070312
2018-06-15,135.10000610351562,192.2053985595703
2018-06-18,136.1999969482422,193.7466735839844
2018-06-19,135.11000061035156,192.35952758789065
2018-06-20,135.5,194.14157104492188
2018-06-21,134.52999877929688,193.4094696044922
2018-06-22,135.3300018310547,194.0838165283203
2018-06-25,130.92999267578125,187.8224334716797
2018-06-26,132.5500030517578,189.24810791015625
2018-06-27,131.02000427246094,186.0884704589844
2018-06-28,132.74000549316406,189.8646240234375
2018-06-29,132.4499969482422,189.30587768554688
2018-07-02,132.5,190.41363525390625
2018-07-03,131.4499969482422,189.0842742919922
2018-07-05,133.2899932861328,191.56954956054688
2018-07-06,134.08999633789062,192.4376678466797
2018-07-09,135.52000427246094,193.79757690429688
2018-07-10,136.69000244140625,194.36672973632812
2018-07-11,138.14999389648438,196.6043701171875
2018-07-12,139.89999389648438,200.40447998046875
2018-07-13,139.4199981689453,198.6008453369141
2018-07-16,138.4600067138672,196.83583068847656
2018-07-17,139.63999938964844,199.0445098876953
2018-07-18,140.89999389648438,200.9638671875
2018-07-19,140.1300048828125,198.7455291748047
2018-07-20,140.99000549316406,199.37242126464844
2018-07-23,140.02999877929688,200.4623565673828
2018-07-24,140.02999877929688,202.14056396484375
2018-07-25,142.63999938964844,206.5579833984375
2018-07-26,142.5,200.009033203125
2018-07-27,140.7100067138672,195.73626708984375
2018-07-30,136.47999572753906,190.8462371826172
2018-07-31,136.74000549316406,190.97166442871097
2018-08-01,138.25,194.0580139160156
2018-08-02,138.9199981689453,194.8392791748047
2018-08-03,139.82000732421875,194.0580139160156
2018-08-06,139.7100067138672,194.38595581054688
2018-08-07,140.27999877929688,195.42762756347656
2018-08-08,140.67999267578125,195.6590881347656
2018-08-09,140.00999450683594,196.37286376953125
2018-08-10,139.72999572753906,195.45654296875
2018-08-13,140.2100067138672,195.12860107421875
2018-08-14,140.75999450683594,196.64292907714844
2018-08-15,139.9199981689453,193.13214111328125
2018-08-16,140.64999389648438,196.37286376953125
2018-08-17,141.3300018310547,195.9967041015625
2018-08-20,140.94000244140625,197.4820251464844
2018-08-21,140.0399932861328,195.8809509277344
2018-08-22,141.13999938964844,197.05763244628903
2018-08-23,142.10000610351562,197.9353485107422
2018-08-24,144.1999969482422,201.96694946289065
2018-08-27,145.39999389648438,204.02133178710935
2018-08-28,145.1999969482422,205.0823211669922
2018-08-29,147.02999877929688,206.95346069335935
2018-08-30,146.74000549316406,206.21080017089844
2018-08-31,146.88999938964844,207.90834045410156
2018-09-04,147.8000030517578,209.12356567382812
2018-09-05,142.6699981689453,203.6645050048828
2018-09-06,144.5,205.2173767089844
2018-09-07,143.1999969482422,203.59695434570312
2018-09-10,144.0800018310547,204.15635681152344
2018-09-11,145.49000549316406,205.8731689453125
2018-09-12,146.57000732421875,206.43258666992188
2018-09-13,147.6300048828125,209.5093994140625
2018-09-14,147.83999633789062,210.22312927246097
2018-09-17,146.17999267578125,208.78602600097656
2018-09-18,147.6300048828125,212.23892211914065
2018-09-19,147.4199981689453,210.44496154785156
2018-09-20,149.24000549316406,213.5313720703125
2018-09-21,150.0500030517578,214.02325439453125
2018-09-24,149.11000061035156,213.4927978515625
2018-09-25,149.5800018310547,214.2354278564453
2018-09-26,149.27000427246094,214.37046813964844
2018-09-27,150.02000427246094,214.41867065429688
2018-09-28,150.08999633789062,214.7080535888672
2018-10-01,150.7899932861328,215.82687377929688
2018-10-02,149.6699981689453,214.47657775878903
2018-10-03,149.3699951171875,215.20957946777344
2018-10-04,146.75999450683594,208.4773406982422
2018-10-05,145.36000061035156,205.92808532714844
2018-10-08,141.88999938964844,201.1000213623047
2018-10-09,142.30999755859375,202.5484619140625
2018-10-10,135.52000427246094,189.92784118652344
2018-10-11,133.72999572753906,187.82275390625
2018-10-12,140.05999755859375,197.1989288330078
2018-10-15,137.22999572753906,193.4329833984375
2018-10-16,141.74000549316406,200.63650512695312
2018-10-17,142.4499969482422,200.2503204345703
2018-10-18,139.2899932861328,196.6195526123047
2018-10-19,140.0800018310547,196.07879638671875
2018-10-22,140.63999938964844,197.46929931640625
2018-10-23,139.1199951171875,195.4704437255859
2018-10-24,134.25999450683594,188.9622039794922
2018-10-25,140.52000427246094,197.17958068847656
2018-10-26,137.74000549316406,190.7003173828125
2018-10-29,134.3300018310547,184.47206115722656
2018-10-30,132.75999450683594,181.27586364746097
2018-10-31,137.85000610351562,190.8741149902344
2018-11-01,140.8300018310547,192.843994140625
2018-11-02,139.77999877929688,190.92242431640625
2018-11-05,139.8000030517578,191.1735076904297
2018-11-06,140.7899932861328,192.30322265625
2018-11-07,144.77999877929688,201.08074951171875
2018-11-08,145.22999572753906,201.67941284179688
2018-11-09,143.92999267578125,198.55079650878903
2018-11-12,139.72000122070312,192.2935791015625
2018-11-13,139.72000122070312,191.35693359375
2018-11-14,139.49000549316406,190.7872009277344
2018-11-15,141.83999633789062,193.8096160888672
2018-11-16,140.17999267578125,192.19699096679688
2018-11-19,134.75999450683594,182.77252197265625
2018-11-20,133.3699951171875,180.62890625
2018-11-21,134.4199981689453,181.2082672119141
2018-11-23,132.8699951171875,176.32220458984375
2018-11-26,135.94000244140625,185.2541961669922
2018-11-27,135.91000366210938,186.3453369140625
2018-11-28,141.3800048828125,195.3256378173828
2018-11-29,139.10000610351562,189.8988037109375
2018-11-30,141.7100067138672,194.15724182128903
2018-12-03,145.0,202.64501953125
2018-12-04,138.63999938964844,193.59718322753903
2018-12-06,141.0500030517578,196.01116943359375
2018-12-07,137.11000061035156,189.7443389892578
2018-12-10,137.8800048828125,191.2507171630859
2018-12-11,136.80999755859375,190.94168090820312
2018-12-12,137.8000030517578,193.4040374755859
2018-12-13,137.5399932861328,192.1197509765625
2018-12-14,135.08999633789062,188.61459350585935
2018-12-17,131.39999389648438,183.9022979736328
2018-12-18,132.66000366210938,185.02243041992188
2018-12-19,131.25999450683594,180.6868133544922
2018-12-20,128.75999450683594,176.42843627929688
2018-12-21,124.26000213623048,169.1669921875
2018-12-24,121.7300033569336,168.64553833007812
2018-12-26,130.22999572753906,180.0205535888672
2018-12-27,132.00999450683594,182.2028350830078
2018-12-28,130.94000244140625,179.7598114013672
2018-12-31,131.94000244140625,182.1642303466797
2019-01-02,132.9199981689453,183.216796875
2019-01-03,128.1300048828125,174.95103454589844
2019-01-04,133.64999389648438,183.23605346679688
2019-01-07,136.05999755859375,184.6458740234375
2019-01-08,136.8000030517578,185.9904022216797
2019-01-09,138.41000366210938,189.36622619628903
2019-01-10,138.6699981689453,190.50759887695312
2019-01-11,138.05999755859375,189.4919891357422
2019-01-14,137.10000610351562,189.0373687744141
2019-01-15,137.33999633789062,190.0917053222656
2019-01-16,137.33999633789062,191.30078125
2019-01-17,137.27999877929688,192.7904052734375
2019-01-18,138.5,195.3924560546875
2019-01-22,138.0500030517578,192.93557739257812
2019-01-23,137.00999450683594,191.86184692382812
2019-01-24,137.6999969482422,193.25473022460935
2019-01-25,138.6699981689453,196.30169677734375
2019-01-28,135.99000549316406,193.61264038085935
2019-01-29,135.0,192.7227325439453
2019-01-30,137.60000610351562,197.34637451171875
2019-01-31,135.00999450683594,204.2238006591797
2019-02-01,140.14999389648438,206.7774200439453
2019-02-04,141.5,207.8801727294922
2019-02-05,142.52999877929688,208.799072265625
2019-02-06,141.49000549316406,208.25738525390625
2019-02-07,140.1699981689453,206.97091674804688
2019-02-08,140.3800048828125,209.4955139160156
2019-02-11,140.8000030517578,209.99855041503903
2019-02-12,141.99000549316406,211.7493133544922
2019-02-13,143.49000549316406,213.32595825195312
2019-02-14,143.16000366210938,212.6198577880859
2019-02-15,144.91000366210938,214.84461975097656
2019-02-19,144.44000244140625,213.37437438964844
2019-02-20,144.72999572753906,213.8773193359375
2019-02-21,144.0,212.1361541748047
2019-02-22,145.8699951171875,216.0150604248047
2019-02-25,146.05999755859375,216.0150604248047
2019-02-26,147.0399932861328,216.67279052734375
2019-02-27,147.22000122070312,217.22410583496097
2019-02-28,148.1199951171875,217.4176025390625
2019-03-01,149.47000122070312,219.8165283203125
2019-03-04,147.9600067138672,218.8878936767578
2019-03-05,147.9499969482422,218.82015991210935
2019-03-06,147.80999755859375,217.12741088867188
2019-03-07,146.8300018310547,215.13482666015625
2019-03-08,147.35000610351562,214.61244201660156
2019-03-11,150.6699981689453,218.25917053222656
2019-03-12,151.72999572753906,219.5166473388672
2019-03-13,152.47000122070312,221.0256500244141
2019-03-14,154.1999969482422,222.00259399414065
2019-03-15,155.4600067138672,223.60826110839844
2019-03-18,154.9600067138672,222.8537750244141
2019-03-19,154.58999633789062,223.45346069335935
2019-03-20,153.75,222.3701629638672
2019-03-21,155.8000030517578,228.15451049804688
2019-03-22,153.07000732421875,223.211669921875
2019-03-25,153.02999877929688,222.88278198242188
2019-03-26,155.3000030517578,225.65890502929688
2019-03-27,154.22000122070312,224.91412353515625
2019-03-28,154.6699981689453,227.17758178710935
2019-03-29,156.19000244140625,227.7482757568359
2019-04-01,157.25999450683594,231.2305603027344
2019-04-02,157.77999877929688,231.4336395263672
2019-04-03,158.4600067138672,231.11441040039065
2019-04-04,157.63999938964844,228.3383331298828
2019-04-05,157.64999389648438,228.88966369628903
2019-04-08,157.75,228.86062622070312
2019-04-09,157.49000549316406,228.5119171142578
2019-04-10,158.55999755859375,229.62583923339844
2019-04-11,157.86000061035156,228.6378173828125
2019-04-12,159.63999938964844,231.34031677246097
2019-04-15,160.44000244140625,231.6502685546875
2019-04-16,160.22999572753906,232.56082153320312
2019-04-17,160.44000244140625,233.4422607421875
2019-04-18,160.16000366210938,233.3357391357422
2019-04-22,160.39999389648438,235.4279937744141
2019-04-23,161.66000366210938,235.85421752929688
2019-04-24,161.49000549316406,237.5977020263672
2019-04-25,161.02000427246094,237.90774536132812
2019-04-26,162.92999267578125,238.94412231445312
2019-04-29,164.14999389648438,239.3800811767578
2019-04-30,164.42999267578125,246.26707458496097
2019-05-01,162.7899932861328,240.94923400878903
2019-05-02,161.1199951171875,239.43809509277344
2019-05-03,162.0399932861328,240.17434692382812
2019-05-06,162.27999877929688,240.8426971435547
2019-05-07,160.2100067138672,237.3749237060547
2019-05-08,160.75999450683594,237.6364898681641
2019-05-09,159.80999755859375,237.6170959472656
2019-05-10,160.7100067138672,239.6706390380859
2019-05-13,157.3300018310547,233.8103790283203
2019-05-14,160.2100067138672,238.2273712158203
2019-05-15,162.7899932861328,241.33670043945312
2019-05-16,164.8699951171875,245.47280883789065
2019-05-17,164.08999633789062,244.6301116943359
2019-05-20,163.47000122070312,245.5406036376953
2019-05-21,163.86000061035156,247.3519744873047
2019-05-22,164.24000549316406,248.84364318847656
2019-05-23,161.50999450683594,241.8985290527344
2019-05-24,162.63999938964844,243.59359741210935
2019-05-28,163.7100067138672,245.4824676513672
2019-05-29,162.72999572753906,245.60838317871097
2019-05-30,162.75999450683594,246.2186584472656
2019-05-31,161.3300018310547,243.6033172607422
2019-06-03,158.60000610351562,234.6627655029297
2019-06-04,162.3300018310547,241.36572265625
2019-06-05,165.38999938964844,248.2237243652344
2019-06-06,166.9199981689453,249.74449157714844
2019-06-07,170.0500030517578,257.4645690917969
2019-06-10,170.82000732421875,257.7551574707031
2019-06-11,170.30999755859375,255.3916473388672
2019-06-12,171.58999633789062,255.5757293701172
2019-06-13,169.35000610351562,253.00892639160156
2019-06-14,169.66000366210938,251.94329833984375
2019-06-17,169.55999755859375,251.0715179443359
2019-06-18,169.27999877929688,250.6937713623047
2019-06-19,170.69000244140625,251.72055053710935
2019-06-20,173.74000549316406,258.4235534667969
2019-06-21,173.44000244140625,256.17633056640625
2019-06-24,173.85000610351562,256.9801940917969
2019-06-25,171.27999877929688,251.58489990234375
2019-06-26,171.05999755859375,253.10560607910156
2019-06-27,171.22999572753906,252.91200256347656
2019-06-28,173.5500030517578,256.2344055175781
2019-07-01,173.94000244140625,258.4041748046875
2019-07-02,175.27999877929688,262.0849609375
2019-07-03,176.8699951171875,264.51629638671875
2019-07-05,176.66000366210938,263.605712890625
2019-07-08,176.19000244140625,263.043212890625
2019-07-09,177.72999572753906,265.08953857421875
2019-07-10,179.30999755859375,267.0680236816406
2019-07-11,180.7400054931641,269.91912841796875
2019-07-12,180.3300018310547,271.10247802734375
2019-07-15,180.57000732421875,270.93756103515625
2019-07-16,179.30999755859375,268.2705383300781
2019-07-17,179.14999389648438,266.9709167480469
2019-07-18,180.52999877929688,268.4257507324219
2019-07-19,179.24000549316406,267.28131103515625
2019-07-22,180.57000732421875,270.20037841796875
2019-07-23,180.8999938964844,270.5496520996094
2019-07-24,183.3300018310547,271.79095458984375
2019-07-25,181.58999633789065,270.9181213378906
2019-07-26,183.69000244140625,273.5560302734375
2019-07-29,183.2100067138672,272.94500732421875
2019-07-30,181.52999877929688,269.76409912109375
2019-07-31,178.0,264.0517883300781
2019-08-01,179.1699981689453,265.8847961425781
2019-08-02,177.4199981689453,261.3169250488281
2019-08-05,168.86000061035156,249.08755493164065
2019-08-06,172.47999572753906,256.6910095214844
2019-08-07,175.32000732421875,261.18115234375
2019-08-08,179.89999389648438,269.647705078125
2019-08-09,179.0500030517578,266.6510009765625
2019-08-12,176.33999633789062,261.850341796875
2019-08-13,178.61000061035156,266.2436218261719
2019-08-14,173.50999450683594,259.08642578125
2019-08-15,176.27000427246094,263.68328857421875
2019-08-16,178.22999572753906,266.0787658691406
2019-08-19,179.74000549316406,269.6767883300781
2019-08-20,179.24000549316406,268.67791748046875
2019-08-21,180.94000244140625,273.49786376953125
2019-08-22,180.08999633789062,272.2952880859375
2019-08-23,175.22999572753906,263.68328857421875
2019-08-26,177.58999633789062,268.0863342285156
2019-08-27,178.3800048828125,268.2900085449219
2019-08-28,178.6699981689453,269.8416442871094
2019-08-29,181.1699981689453,272.8868713378906
2019-08-30,180.82000732421875,272.87713623046875
2019-09-03,179.1999969482422,271.6551818847656
2019-09-04,181.77000427246097,277.4643859863281
2019-09-05,184.72999572753903,283.2638244628906
2019-09-06,185.7400054931641,282.58502197265625
2019-09-09,181.5500030517578,274.80712890625
2019-09-10,176.35000610351562,264.1100158691406
2019-09-11,174.97999572753906,261.8019104003906
2019-09-12,177.97999572753906,268.05718994140625
2019-09-13,177.27000427246094,267.9796447753906
2019-09-16,176.11000061035156,265.8072204589844
2019-09-17,176.4499969482422,267.91168212890625
2019-09-18,175.2899932861328,266.7965087890625
2019-09-19,175.9600067138672,267.5820007324219
2019-09-20,174.05999755859375,262.98504638671875
2019-09-23,174.91000366210938,264.9052429199219
2019-09-24,174.47999572753906,262.9365234375
2019-09-25,175.27999877929688,264.5174560546875
2019-09-26,175.64999389648438,265.6230163574219
2019-09-27,174.0,261.0066833496094
2019-09-30,172.00999450683594,263.373046875
2019-10-01,174.2899932861328,262.761962890625
2019-10-02,169.8300018310547,256.4969177246094
2019-10-03,172.8699951171875,260.19195556640625
2019-10-04,175.97999572753906,265.7878723144531
2019-10-07,174.89999389648438,263.97430419921875
2019-10-08,172.4199981689453,259.3232116699219
2019-10-09,174.8800048828125,264.3432312011719
2019-10-10,174.8800048828125,265.8870849609375
2019-10-11,177.05999755859375,267.90673828125
2019-10-14,177.36000061035156,268.3631896972656
2019-10-15,178.75,270.47998046875
2019-10-16,177.8699951171875,270.1983337402344
2019-10-17,177.94000244140625,268.4894104003906
2019-10-18,175.7100067138672,262.7799987792969
2019-10-21,176.42999267578125,266.34344482421875
2019-10-22,170.86000061035156,253.6818084716797
2019-10-23,171.32000732421875,253.2835693359375
2019-10-24,176.16000366210938,260.9544372558594
2019-10-25,177.85000610351562,262.352783203125
2019-10-28,179.83999633789062,267.9261779785156
2019-10-29,177.6300048828125,266.33380126953125
2019-10-30,179.25,269.11077880859375
2019-10-31,178.86000061035156,268.7806396484375
2019-11-01,180.92999267578125,270.9556884765625
2019-11-04,178.9499969482422,268.3145446777344
2019-11-05,176.3699951171875,261.19720458984375
2019-11-06,176.77000427246094,262.0321960449219
2019-11-07,178.42999267578125,264.8773193359375
2019-11-08,178.97000122070312,266.91644287109375
2019-11-11,179.5399932861328,268.9651794433594
2019-11-12,179.74000549316406,269.1011657714844
2019-11-13,179.41000366210938,270.0041809082031
2019-11-14,179.75,271.5190124511719
2019-11-15,179.77000427246094,272.63555908203125
2019-11-18,179.66000366210938,272.7132263183594
2019-11-19,182.77000427246097,277.0340881347656
2019-11-20,181.66000366210935,277.1021423339844
2019-11-21,179.88999938964844,276.1990661621094
2019-11-22,179.47000122070312,274.37359619140625
2019-11-25,180.97000122070312,279.2674560546875
2019-11-26,182.5500030517578,280.9861145019531
2019-11-27,184.3699951171875,283.23870849609375
2019-11-29,184.5099945068359,283.7533874511719
2019-12-02,181.7899932861328,278.16046142578125
2019-12-03,181.8999938964844,278.7624816894531
2019-12-04,180.6000061035156,278.519775390625
2019-12-05,181.88999938964844,281.4424743652344
2019-12-06,182.1699981689453,281.9764709472656
2019-12-09,182.9199981689453,280.67535400390625
2019-12-10,182.2599945068359,280.2384338378906
2019-12-11,182.0099945068359,281.63665771484375
2019-12-12,182.63999938964844,283.7340087890625
2019-12-13,185.13999938964844,287.50140380859375
2019-12-16,186.2400054931641,288.34625244140625
2019-12-17,185.52000427246097,287.4140930175781
2019-12-18,184.8999938964844,286.1905517578125
2019-12-19,186.5399932861328,288.8995666503906
2019-12-20,188.0,289.90948486328125
2019-12-23,187.0800018310547,288.647216796875
2019-12-24,187.57000732421875,288.8511657714844
2019-12-26,189.16000366210935,290.5212097167969
2019-12-27,189.38999938964844,292.0165100097656
2019-12-30,187.8300018310547,289.0841064453125
2019-12-31,187.8999938964844,289.9288635253906
2020-01-02,191.1199951171875,294.5897216796875
2020-01-03,189.6000061035156,291.7155456542969
2020-01-06,189.19000244140625,292.4922790527344
2020-01-07,188.69000244140625,291.5019226074219
2020-01-08,191.9199981689453,296.6453552246094
2020-01-09,193.25,300.5344543457031
2020-01-10,193.77000427246097,302.5471496582031
2020-01-13,195.3300018310547,306.4751892089844
2020-01-14,196.0500030517578,302.0318603515625
2020-01-15,199.8000030517578,305.54180908203125
2020-01-16,200.9499969482422,311.4241943359375
2020-01-17,204.6999969482422,314.6910400390625
2020-01-21,207.2899932861328,313.0089111328125
2020-01-22,207.8999938964844,315.3229675292969
2020-01-23,206.52000427246097,315.9744567871094
2020-01-24,205.0,314.7008056640625
2020-01-27,201.69000244140625,307.01959228515625
2020-01-28,202.8500061035156,311.3949279785156
2020-01-29,204.86000061035156,311.4436340332031
2020-01-30,208.2100067138672,315.46881103515625
2020-01-31,198.97000122070312,307.1849365234375
2020-02-03,200.80999755859375,315.527099609375
2020-02-04,203.55999755859375,319.99969482421875
2020-02-05,202.80999755859375,319.22186279296875
2020-02-06,203.0399932861328,320.1746826171875
2020-02-07,202.7400054931641,317.9384765625
2020-02-10,205.9900054931641,321.1275939941406
2020-02-11,203.94000244140625,321.7498779296875
2020-02-12,207.44000244140625,324.90008544921875
2020-02-13,207.3999938964844,326.5335388183594
2020-02-14,210.2899932861328,331.501953125
2020-02-18,211.1999969482422,331.7838439941406
2020-02-19,213.30999755859375,335.0118408203125
2020-02-20,211.4499969482422,334.9049072265625
2020-02-21,208.80999755859375,330.28656005859375
2020-02-24,198.7899932861328,315.6730041503906
2020-02-25,188.3999938964844,294.49658203125
2020-02-26,187.2100067138672,289.781005859375
2020-02-27,180.00999450683594,277.899658203125
2020-02-28,181.7599945068359,282.2068786621094
2020-03-02,192.3300018310547,298.2399597167969
2020-03-03,185.72999572753903,283.9083557128906
2020-03-04,194.2899932861328,293.9812316894531
2020-03-05,186.9600067138672,282.673583984375
2020-03-06,184.36000061035156,279.05670166015625
2020-03-09,171.1300048828125,254.7494201660156
2020-03-10,182.6000061035156,272.79510498046875
2020-03-11,172.9499969482422,262.2846984863281
2020-03-12,160.0800018310547,234.80776977539065
2020-03-13,175.8300018310547,262.52777099609375
2020-03-16,152.00999450683594,229.1198577880859
2020-03-17,157.88999938964844,231.2880859375
2020-03-18,148.47999572753906,221.6138153076172
2020-03-19,152.25,220.8553924560547
2020-03-20,146.8300018310547,205.56134033203125
2020-03-23,135.74000549316406,197.6663055419922
2020-03-24,154.52999877929688,230.50051879882812
2020-03-25,161.77999877929688,249.37266540527344
2020-03-26,168.8800048828125,255.88702392578125
2020-03-27,161.55999755859375,240.78732299804688
2020-03-30,165.57000732421875,246.23211669921875
2020-03-31,161.1199951171875,234.8660888671875
2020-04-01,153.11000061035156,222.27496337890625
2020-04-02,157.38999938964844,232.2603454589844
2020-04-03,151.85000610351562,230.4616241455078
2020-04-06,169.44000244140625,258.5704345703125
2020-04-07,168.58999633789062,251.90057373046875
2020-04-08,174.94000244140625,263.84906005859375
2020-04-09,173.69000244140625,262.339599609375
2020-04-13,168.99000549316406,256.43841552734375
2020-04-14,174.6199951171875,263.6250915527344
2020-04-15,165.9600067138672,250.4010009765625
2020-04-16,162.4199981689453,240.29302978515625
2020-04-17,169.5399932861328,253.1568298339844
2020-04-20,164.22000122070312,245.1327362060547
2020-04-21,160.52999877929688,238.91995239257812
2020-04-22,166.58999633789062,250.177001953125
2020-04-23,166.3800048828125,249.15447998046875
2020-04-24,167.32000732421875,251.97853088378903
2020-04-27,171.75999450683594,258.1718444824219
2020-04-28,171.25,257.66552734375
2020-04-29,181.7899932861328,276.2552185058594
2020-04-30,178.72000122070312,267.76361083984375
2020-05-01,175.57000732421875,261.6968994140625
2020-05-04,176.14999389648438,262.20330810546875
2020-05-05,178.44000244140625,266.7996826171875
2020-05-06,178.77999877929688,265.3000183105469
2020-05-07,182.72000122070312,271.1719970703125
2020-05-08,185.08999633789065,275.0379333496094
2020-05-11,183.55999755859375,273.859619140625
2020-05-12,179.47000122070312,264.97869873046875
2020-05-13,177.08999633789062,262.10589599609375
2020-05-14,180.8999938964844,270.0423889160156
2020-05-15,183.4900054931641,271.6296081542969
2020-05-18,191.3800048828125,282.3023986816406
2020-05-19,189.36000061035156,283.1106872558594
2020-05-20,193.86000061035156,290.9691162109375
2020-05-21,190.6199951171875,286.5481262207031
2020-05-22,190.86000061035156,287.18115234375
2020-05-26,193.22000122070312,295.3804626464844
2020-05-27,192.82000732421875,291.9137268066406
2020-05-28,194.2599945068359,294.37744140625
2020-05-29,195.2400054931641,293.0044250488281
2020-06-01,194.3500061035156,293.5010070800781
2020-06-02,196.36000061035156,295.633544921875
2020-06-03,196.8699951171875,299.02239990234375
2020-06-04,193.63999938964844,293.4717712402344
2020-06-05,199.61000061035156,303.7063293457031
2020-06-08,199.6000061035156,302.2749328613281
2020-06-09,199.0800018310547,303.32659912109375
2020-06-10,200.47999572753903,304.943115234375
2020-06-11,188.8800048828125,283.6170959472656
2020-06-12,192.2599945068359,289.98565673828125
2020-06-15,191.7599945068359,289.3819274902344
2020-06-16,192.8800048828125,296.500244140625
2020-06-17,193.55999755859375,295.79913330078125
2020-06-18,193.91000366210935,296.86065673828125
2020-06-19,192.1999969482422,288.7294616699219
2020-06-22,194.9600067138672,296.4612731933594
2020-06-23,197.97000122070312,298.8374328613281
2020-06-24,191.41000366210935,286.3046569824219
2020-06-25,193.97999572753903,290.19989013671875
2020-06-26,189.27000427246097,281.75701904296875
2020-06-29,191.3800048828125,285.25299072265625
2020-06-30,193.1699981689453,287.95037841796875
2020-07-01,193.77999877929688,293.2771301269531
2020-07-02,195.6699981689453,294.4942932128906
2020-07-06,197.7599945068359,297.5617370605469
2020-07-07,194.1999969482422,292.0500793457031
2020-07-08,195.07000732421875,292.67413330078125
2020-07-09,192.2100067138672,287.2525634765625
2020-07-10,192.5500030517578,288.3155517578125
2020-07-13,189.02000427246097,282.9524841308594
2020-07-14,193.3300018310547,291.5039978027344
2020-07-15,196.5500030517578,298.1053771972656
2020-07-16,193.5,291.8940734863281
2020-07-17,195.08999633789065,296.48675537109375
2020-07-20,198.47000122070312,304.18994140625
2020-07-21,196.47999572753903,299.9385986328125
2020-07-22,198.86000061035156,305.5649108886719
2020-07-23,197.42999267578125,302.1812744140625
2020-07-24,195.1499938964844,299.2755126953125
2020-07-27,196.91000366210935,301.16717529296875
2020-07-28,196.7400054931641,298.7001953125
2020-07-29,198.5800018310547,301.5962219238281
2020-07-30,194.05999755859375,301.3037414550781
2020-07-31,190.3999938964844,300.8453674316406
2020-08-03,190.69000244140625,304.8042907714844
2020-08-04,192.2899932861328,306.5594177246094
2020-08-05,196.1000061035156,319.8304748535156
2020-08-06,198.77000427246097,321.9171142578125
2020-08-07,196.36000061035156,319.8499755859375
2020-08-10,196.7899932861328,314.83795166015625
2020-08-11,197.77000427246097,320.35699462890625
2020-08-12,198.7400054931641,319.4696960449219
2020-08-13,197.5800018310547,318.0655212402344
2020-08-14,196.63999938964844,318.6603698730469
2020-08-17,199.42999267578125,322.0049133300781
2020-08-18,199.0099945068359,322.7557067871094
2020-08-19,200.9900054931641,324.1208801269531
2020-08-20,204.1499938964844,328.9183349609375
2020-08-21,204.1300048828125,328.7038269042969
2020-08-24,206.41000366210935,335.0809020996094
2020-08-25,208.1000061035156,339.0007629394531
2020-08-26,210.2599945068359,342.277099609375
2020-08-27,211.02999877929688,347.133056640625
2020-08-28,215.7100067138672,357.0010070800781
2020-08-31,211.9900054931641,349.2685241699219
2020-09-01,213.3500061035156,348.0105895996094
2020-09-02,216.47999572753903,351.71600341796875
2020-09-03,208.9600067138672,335.2759094238281
2020-09-04,204.66000366210935,326.66583251953125
2020-09-08,200.1199951171875,321.6636657714844
2020-09-09,204.05999755859375,331.1805419921875
2020-09-10,201.5399932861328,324.58892822265625
2020-09-11,200.67999267578125,321.9269104003906
2020-09-14,204.97999572753903,330.16644287109375
2020-09-15,205.38999938964844,330.6929626464844
2020-09-16,205.1300048828125,333.3354797363281
2020-09-17,205.27000427246097,330.97576904296875
2020-09-18,202.61000061035156,326.90966796875
2020-09-21,197.4499969482422,319.6841735839844
2020-09-22,200.55999755859375,326.9583740234375
2020-09-23,195.3699951171875,316.4468688964844
2020-09-24,195.52000427246097,320.0352478027344
2020-09-25,197.25,323.5163269042969
2020-09-28,200.32000732421875,329.961669921875
2020-09-29,199.44000244140625,327.85546875
2020-09-30,199.97000122070312,329.7471923828125
2020-10-01,203.3500061035156,334.817626953125
2020-10-02,201.4600067138672,330.3907470703125
2020-10-05,203.5399932861328,334.70062255859375
2020-10-06,200.4499969482422,329.0255126953125
2020-10-07,202.47000122070312,335.33447265625
2020-10-08,202.97999572753903,336.9451904296875
2020-10-09,206.63999938964844,344.01312255859375
2020-10-12,206.3999938964844,343.6714172363281
2020-10-13,204.32000732421875,337.6188049316406
2020-10-14,202.1999969482422,334.5534362792969
2020-10-15,199.5500030517578,330.5215759277344
2020-10-16,200.2599945068359,331.3318786621094
2020-10-19,196.97000122070312,323.78570556640625
2020-10-20,197.6999969482422,323.83447265625
2020-10-21,198.42999267578125,325.49407958984375
2020-10-22,197.9900054931641,325.6697998046875
2020-10-23,198.0099945068359,321.7745666503906
2020-10-26,193.07000732421875,310.4991149902344
2020-10-27,190.05999755859375,309.57177734375
2020-10-28,180.8699951171875,284.4534606933594
2020-10-29,184.8699951171875,286.2106018066406
2020-10-30,181.7100067138672,281.7785949707031
2020-11-02,184.7400054931641,283.0769348144531
2020-11-03,188.33999633789065,288.36810302734375
2020-11-04,193.97000122070312,299.8973388671875
2020-11-05,197.63999938964844,309.00555419921875
2020-11-06,198.47000122070312,306.1842956542969
2020-11-09,212.67999267578125,336.3692626953125
2020-11-10,213.30999755859375,326.8216857910156
2020-11-11,212.6999969482422,324.488525390625
2020-11-12,208.2599945068359,320.4859619140625
2020-11-13,210.47999572753903,327.0657958984375
2020-11-16,212.6999969482422,327.4757995605469
2020-11-17,210.7100067138672,328.5008544921875
2020-11-18,207.8300018310547,327.9541015625
2020-11-19,207.57000732421875,325.9430847167969
2020-11-20,203.8800048828125,315.32177734375
2020-11-23,208.16000366210935,324.1468200683594
2020-11-24,209.67999267578125,334.25079345703125
2020-11-25,210.88999938964844,333.206298828125
2020-11-27,211.0,331.00970458984375
2020-11-30,210.3500061035156,328.5106201171875
2020-12-01,211.1999969482422,330.8242492675781
2020-12-02,210.17999267578125,332.1324462890625
2020-12-03,208.0500030517578,327.17315673828125
2020-12-04,212.67999267578125,336.1642150878906
2020-12-07,212.6499938964844,332.8548583984375
2020-12-08,212.77000427246097,332.6888732910156
2020-12-09,209.5800018310547,328.8424987792969
2020-12-10,207.61000061035156,323.63922119140625
2020-12-11,206.2400054931641,319.6366271972656
2020-12-14,207.25,323.2779846191406
2020-12-15,208.36000061035156,325.71856689453125
2020-12-16,208.27000427246097,324.2054138183594
2020-12-17,211.17999267578125,328.89129638671875
2020-12-18,211.30999755859375,332.23980712890625
2020-12-21,209.0099945068359,326.4214782714844
2020-12-22,205.83999633789065,324.342041015625
2020-12-23,205.3000030517578,321.4036865234375
2020-12-24,208.6999969482422,328.0126953125
2020-12-28,212.6300048828125,336.28131103515625
2020-12-29,214.3699951171875,338.4193115234375
2020-12-30,218.36000061035156,347.0978698730469
2020-12-31,218.72999572753903,348.4549560546875
2021-01-04,217.7599945068359,343.1344909667969
2021-01-05,214.5099945068359,339.1612854003906
2021-01-06,212.6199951171875,339.28814697265625
2021-01-07,213.80999755859375,341.9761657714844
2021-01-08,215.4499969482422,345.8763122558594
2021-01-11,212.88999938964844,340.35357666015625
2021-01-12,208.86000061035156,335.192626953125
2021-01-13,209.3500061035156,338.5257263183594
2021-01-14,201.86000061035156,319.5628662109375
2021-01-15,201.58999633789065,315.9755859375
2021-01-19,201.66000366210935,318.5951843261719
2021-01-20,206.0099945068359,327.3630676269531
2021-01-21,205.13999938964844,326.903564453125
2021-01-22,202.02000427246097,321.576416015625
2021-01-25,200.97999572753903,321.77197265625
2021-01-26,202.0099945068359,320.3155212402344
2021-01-27,194.97000122070312,308.3807373046875
2021-01-28,198.22000122070312,316.97259521484375
2021-01-29,193.25,309.1626281738281
2021-02-01,198.36000061035156,314.3138427734375
2021-02-02,202.61000061035156,326.8352355957031
2021-02-03,201.36000061035156,325.32025146484375
2021-02-04,209.25,333.149658203125
2021-02-05,208.77000427246097,331.1165466308594
2021-02-08,206.88999938964844,329.4354248046875
2021-02-09,206.52000427246097,325.9261779785156
2021-02-10,206.44000244140625,326.6788635253906
2021-02-11,210.66000366210935,335.1437072753906
2021-02-12,209.9600067138672,333.3158264160156
2021-02-16,207.8999938964844,333.5211181640625
2021-02-17,207.5099945068359,329.72857666015625
2021-02-18,209.3500061035156,330.8330383300781
2021-02-19,204.72999572753903,325.66229248046875
2021-02-22,208.32000732421875,332.9834899902344
2021-02-23,212.11000061035156,342.52362060546875
2021-02-24,219.42999267578125,359.0427551269531
2021-02-25,213.75,346.580078125
2021-02-26,212.38999938964844,345.8763122558594
2021-03-01,216.6300048828125,354.7223205566406
2021-03-02,215.77000427246097,354.6441650390625
2021-03-03,214.8500061035156,352.1320495605469
2021-03-04,211.5,341.624267578125
2021-03-05,215.41000366210935,352.74786376953125
2021-03-08,220.27000427246097,362.96234130859375
2021-03-09,220.36000061035156,368.035400390625
2021-03-10,223.1699981689453,373.09869384765625
2021-03-11,226.1499938964844,375.71826171875
2021-03-12,224.36000061035156,374.0859375
2021-03-15,223.27000427246097,373.1573181152344
2021-03-16,224.6999969482422,373.7633666992187
2021-03-17,223.02000427246097,370.1467895507813
2021-03-18,220.66000366210935,358.72991943359375
2021-03-19,206.8999938964844,348.476318359375
2021-03-22,208.0,350.32373046875
2021-03-23,208.1499938964844,347.2643127441406
2021-03-24,208.07000732421875,351.5455627441406
2021-03-25,207.97000122070312,350.2846374511719
2021-03-26,213.52999877929688,357.8893737792969
2021-03-29,214.5099945068359,354.7320861816406
2021-03-30,211.8999938964844,350.1282653808594
2021-03-31,211.72999572753903,348.0267028808594
2021-04-01,216.86000061035156,355.11334228515625
2021-04-05,219.0399932861328,360.0201721191406
2021-04-06,218.6499938964844,361.2420349121094
2021-04-07,219.27000427246097,362.718017578125
2021-04-08,220.6999969482422,369.666259765625
2021-04-09,222.52000427246097,371.9562072753906
2021-04-12,221.47000122070312,371.7213439941406
2021-04-13,221.02000427246097,370.0479431152344
2021-04-14,221.97999572753903,370.2339172363281
2021-04-15,226.27999877929688,378.2291870117187
2021-04-16,226.41000366210935,377.91607666015625
2021-04-19,225.7899932861328,373.9917297363281
2021-04-20,223.27999877929688,368.5800476074219
2021-04-21,227.4499969482422,374.9116516113281
2021-04-22,227.57000732421875,375.1661376953125
2021-04-23,230.0,378.7869567871094
2021-04-26,230.33999633789065,379.1883239746094
2021-04-27,229.91000366210935,380.7541198730469
2021-04-28,233.4499969482422,387.19342041015625
2021-04-29,236.86000061035156,380.63665771484375
2021-04-30,233.55999755859375,373.89398193359375
2021-05-03,232.61000061035156,371.2907409667969
2021-05-04,232.02999877929688,367.8753662109375
2021-05-05,229.2100067138672,361.25
2021-05-06,231.32000732421875,367.4546203613281
2021-05-07,232.1199951171875,367.3762512207031
2021-05-10,225.97000122070312,358.5098876953125
2021-05-11,225.47999572753903,359.7527770996094
2021-05-12,220.6300048828125,348.9976501464844
2021-05-13,223.7400054931641,352.3250427246094
2021-05-14,226.94000244140625,356.1318359375
2021-05-17,226.44000244140625,355.5348815917969
2021-05-18,225.57000732421875,355.30987548828125
2021-05-19,224.58999633789065,353.26446533203125
2021-05-20,226.44000244140625,359.8408508300781
2021-05-21,226.77000427246097,359.74298095703125
2021-05-24,229.32000732421875,364.4207763671875
2021-05-25,229.02000427246097,359.37109375
2021-05-26,227.07000732421875,354.89886474609375
2021-05-27,226.86000061035156,354.2627258300781
2021-05-28,227.3000030517578,352.873046875
2021-06-01,226.6300048828125,352.0999450683594
2021-06-02,229.66000366210935,359.0089416503906
2021-06-03,228.11000061035156,354.0865478515625
2021-06-04,230.13999938964844,358.19671630859375
2021-06-07,231.32000732421875,356.2982177734375
2021-06-08,232.0500030517578,357.4530334472656
2021-06-09,232.30999755859375,355.5642395019531
2021-06-10,233.9499969482422,356.5135803222656
2021-06-11,234.9600067138672,357.6878662109375
2021-06-14,234.0800018310547,358.68603515625
2021-06-15,232.97999572753903,360.2518615722656
2021-06-16,229.6000061035156,356.0437316894531
2021-06-17,232.1499938964844,359.4395751953125
2021-06-18,230.41000366210935,359.56683349609375
2021-06-21,234.32000732421875,365.1155700683594
2021-06-22,235.92999267578125,369.9598388671875
2021-06-23,234.67999267578125,367.1218872070313
2021-06-24,236.2400054931641,366.7402038574219
2021-06-25,237.32000732421875,371.4962463378906
2021-06-28,234.08999633789065,359.8212585449219
2021-06-29,235.9499969482422,360.1344299316406
2021-06-30,233.82000732421875,357.2865905761719
2021-07-01,235.1499938964844,362.7864990234375
2021-07-02,238.6300048828125,367.0141296386719
2021-07-06,239.6000061035156,368.0809020996094
2021-07-07,240.0,365.9278869628906
2021-07-08,236.61000061035156,362.7044067382813
2021-07-09,238.47000122070312,365.3988342285156
2021-07-12,237.8699951171875,367.9658508300781
2021-07-13,242.3500061035156,375.9510192871094
2021-07-14,245.9900054931641,382.897705078125
2021-07-15,248.5500030517578,382.3391723632813
2021-07-16,248.1199951171875,379.29205322265625
2021-07-19,240.41000366210935,358.060302734375
2021-07-20,242.6999969482422,366.8194580078125
2021-07-21,243.66000366210935,372.3748168945313
2021-07-22,244.13999938964844,374.4324035644531
2021-07-23,249.02000427246097,385.3079223632813
2021-07-26,250.25,384.8572082519531
2021-07-27,250.92999267578125,382.3783264160156
2021-07-28,246.94000244140625,375.6865234375
2021-07-29,247.9199981689453,380.9478759765625
2021-07-30,246.38999938964844,378.1359558105469
2021-08-02,239.77999877929688,367.671875
2021-08-03,237.08999633789065,360.166748046875
2021-08-04,236.6699981689453,360.5685424804687
2021-08-05,240.2100067138672,364.4190368652344
2021-08-06,241.3999938964844,366.9566650390625
2021-08-09,240.0,363.1845397949219
2021-08-10,238.07000732421875,360.40191650390625
2021-08-11,235.05999755859375,356.8746643066406
2021-08-12,231.7899932861328,354.660400390625
2021-08-13,232.6499938964844,355.4148254394531
2021-08-16,235.36000061035156,356.20849609375
2021-08-17,234.52999877929688,355.88519287109375
2021-08-18,231.6300048828125,353.65130615234375
2021-08-19,231.57000732421875,350.0848693847656
2021-08-20,231.36000061035156,347.811767578125
2021-08-23,234.13999938964844,353.7100524902344
2021-08-24,234.2400054931641,354.4645080566406
2021-08-25,232.58999633789065,351.83868408203125
2021-08-26,230.52000427246097,345.7248229980469
2021-08-27,232.69000244140625,348.5367736816406
2021-08-30,231.22999572753903,345.9109802246094
2021-08-31,229.1000061035156,339.2289733886719
2021-09-01,230.1199951171875,342.50140380859375
2021-09-02,224.17999267578125,334.3789978027344
2021-09-03,225.11000061035156,333.3502502441406
2021-09-07,226.27000427246097,337.7396545410156
2021-09-08,229.08999633789065,343.941650390625
2021-09-09,227.4900054931641,344.3042297363281
2021-09-10,224.91000366210935,340.3655090332031
2021-09-13,224.6300048828125,340.7867736816406
2021-09-14,223.02999877929688,338.80755615234375
2021-09-15,223.80999755859375,337.7788391113281
2021-09-16,224.3300018310547,339.3072814941406
2021-09-17,221.75,336.1034240722656
2021-09-20,220.0500030517578,332.82110595703125
2021-09-21,220.1699981689453,330.5578918457031
2021-09-22,222.75,336.4659423828125
2021-09-23,228.30999755859375,346.9104309082031
2021-09-24,231.58999633789065,350.9176940917969
2021-09-27,229.6000061035156,349.5557556152344
2021-09-28,225.55999755859375,344.078857421875
2021-09-29,226.67999267578125,346.0481872558594
2021-09-30,222.75,340.64959716796875
2021-10-01,230.4600067138672,352.8968200683594
2021-10-04,224.72999572753903,337.2399597167969
2021-10-05,224.27999877929688,336.26995849609375
2021-10-06,226.5099945068359,341.63916015625
2021-10-07,230.5500030517578,347.19171142578125
2021-10-08,230.27000427246097,348.2217712402344
2021-10-11,225.11000061035156,340.56005859375
2021-10-12,224.0500030517578,338.7843933105469
2021-10-13,222.4600067138672,335.8511962890625
2021-10-14,225.17999267578125,338.038818359375
2021-10-15,230.9900054931641,349.2420654296875
2021-10-18,230.6499938964844,351.6357116699219
2021-10-19,233.52000427246097,355.22625732421875
2021-10-20,231.4199981689453,349.9974670410156
2021-10-21,230.2400054931641,349.4481201171875
2021-10-22,231.22999572753903,351.8614501953125
2021-10-25,233.8800048828125,354.0097961425781
2021-10-26,231.82000732421875,350.5369873046875
2021-10-27,215.77999877929688,329.3470153808594
2021-10-28,209.83999633789065,326.7080993652344
2021-10-29,211.77000427246097,329.1508483886719
2021-11-01,212.4600067138672,327.708740234375
2021-11-02,209.13999938964844,322.2444763183594
2021-11-03,208.1000061035156,323.1763916015625
2021-11-04,208.77999877929688,329.06256103515625
2021-11-05,216.6699981689453,342.1689147949219
2021-11-08,220.4900054931641,343.0322570800781
2021-11-09,213.38999938964844,338.1075439453125
2021-11-10,215.55999755859375,351.1451721191406
2021-11-11,210.4199981689453,347.61358642578125
2021-11-12,212.08999633789065,356.59967041015625
2021-11-15,212.3000030517578,354.500244140625
2021-11-16,215.17999267578125,362.5446472167969
2021-11-17,205.05999755859375,352.3519287109375
2021-11-18,203.3300018310547,341.6097717285156
2021-11-19,200.86000061035156,333.2711181640625
2021-11-22,195.5800018310547,315.2008361816406
2021-11-23,198.4900054931641,322.7546081542969
2021-11-24,203.25,333.5458068847656
2021-11-26,197.6499938964844,318.01629638671875
2021-11-29,196.2899932861328,316.8782958984375
2021-11-30,193.77000427246097,308.9418640136719
2021-12-01,190.16000366210935,300.4658508300781
2021-12-02,198.2899932861328,314.1217346191406
2021-12-03,196.32000732421875,315.9953918457031
2021-12-06,202.67999267578125,327.0024108886719
2021-12-07,207.3699951171875,333.06512451171875
2021-12-08,208.9900054931641,335.84136962890625
2021-12-09,211.38999938964844,337.9800109863281
2021-12-10,213.3999938964844,343.27740478515625
2021-12-13,211.02000427246097,338.7549743652344
2021-12-14,209.97999572753903,334.0853576660156
2021-12-15,212.30999755859375,339.77532958984375
2021-12-16,214.3699951171875,346.2205505371094
2021-12-17,211.8800048828125,342.6790466308594
2021-12-20,208.7400054931641,330.62237548828125
2021-12-21,215.3800048828125,344.0819396972656
2021-12-22,217.9600067138672,350.6940002441406
2021-12-23,216.6199951171875,353.735107421875
2021-12-27,217.6300048828125,353.47027587890625
2021-12-28,218.0500030517578,353.93133544921875
2021-12-29,218.1699981689453,354.431640625
2021-12-30,217.8699951171875,354.1373291015625
2021-12-31,216.7100067138672,352.49908447265625
2022-01-03,221.42999267578125,363.9083251953125
2022-01-04,222.4600067138672,368.2639770507813
2022-01-05,220.0,366.8022155761719
2022-01-06,219.75,363.45263671875
2022-01-07,216.9600067138672,363.10882568359375
2022-01-10,211.97000122070312,357.4703674316406
2022-01-11,214.3800048828125,359.80828857421875
2022-01-12,215.7100067138672,360.8101501464844
2022-01-13,215.0,362.9810485839844
2022-01-14,214.6699981689453,365.55474853515625
2022-01-18,215.7100067138672,359.81805419921875
2022-01-19,214.67999267578125,354.3466796875
2022-01-20,214.3500061035156,357.5588073730469
2022-01-21,205.92999267578125,348.79669189453125
2022-01-24,201.8500061035156,343.2367248535156
2022-01-25,202.0,332.76544189453125
2022-01-26,205.8699951171875,338.5610046386719
2022-01-27,206.1499938964844,344.3271484375
2022-01-28,228.0,375.74127197265625
2022-01-31,226.1699981689453,379.5427551269531
2022-02-01,232.36000061035156,385.1222534179687
2022-02-02,235.4199981689453,389.729248046875
2022-02-03,231.5399932861328,383.1675109863281
2022-02-04,228.38999938964844,375.436767578125
2022-02-07,227.16000366210935,369.4741516113281
2022-02-08,227.94000244140625,367.7452697753906
2022-02-09,230.8699951171875,374.6213684082031
2022-02-10,225.58999633789065,367.7649536132813
2022-02-11,224.69000244140625,363.2267150878906
2022-02-14,225.33999633789065,367.5389709472656
2022-02-15,227.82000732421875,374.7883605957031
2022-02-16,228.82000732421875,376.15380859375
2022-02-17,224.61000061035156,367.0871276855469
2022-02-18,222.69000244140625,363.4035339355469
2022-02-22,221.32000732421875,361.7728271484375
2022-02-23,215.9499969482422,354.83782958984375
2022-02-24,217.3000030517578,362.8435668945313
2022-02-25,219.27000427246097,362.5587158203125
2022-02-28,216.1199951171875,354.43505859375
2022-03-01,208.97000122070312,338.38421630859375
2022-03-02,208.47999572753903,338.0011291503906
2022-03-03,207.22999572753903,334.9559326171875
2022-03-04,200.2899932861328,324.906982421875
2022-03-07,190.6999969482422,307.3827209472656
2022-03-08,191.7100067138672,308.7677001953125
2022-03-09,199.7599945068359,322.3235168457031
2022-03-10,197.97000122070312,318.8461608886719
2022-03-11,196.7100067138672,319.0426330566406
2022-03-14,200.3300018310547,322.775390625
2022-03-15,206.13999938964844,329.0719299316406
2022-03-16,211.8699951171875,338.5806579589844
2022-03-17,213.4499969482422,340.3095397949219
2022-03-18,219.11000061035156,343.8949279785156
2022-03-21,217.0399932861328,339.4647216796875
2022-03-22,218.47000122070312,343.3448791503906
2022-03-23,214.67999267578125,336.1249084472656
2022-03-24,217.30999755859375,343.16796875
2022-03-25,218.42999267578125,342.8438720703125
2022-03-28,220.77000427246097,344.287841796875
2022-03-29,228.1199951171875,361.04595947265625
2022-03-30,223.9499969482422,355.8299255371094
2022-03-31,221.77000427246097,351.0559387207031
2022-04-01,226.36000061035156,357.529296875
2022-04-04,227.7400054931641,360.4172668457031
2022-04-05,226.08999633789065,356.890869140625
2022-04-06,219.0099945068359,347.293701171875
2022-04-07,216.1499938964844,343.84100341796875
2022-04-08,216.97999572753903,346.5166015625
2022-04-11,214.75,341.6966857910156
2022-04-12,211.3999938964844,340.1522216796875
2022-04-13,213.27000427246097,349.3396911621094
2022-04-14,212.7899932861328,351.97601318359375
2022-04-18,213.1699981689453,350.9726257324219
2022-04-19,215.6999969482422,357.92718505859375
2022-04-20,217.7899932861328,359.3239440917969
2022-04-21,216.4499969482422,358.4878845214844
2022-04-22,208.1699981689453,345.44439697265625
2022-04-25,209.9499969482422,348.80859375
2022-04-26,201.1000061035156,338.4898376464844
2022-04-27,214.11000061035156,355.6647033691406
2022-04-28,220.66000366210935,372.6427307128906
2022-04-29,213.1300048828125,357.4451904296875
2022-05-02,211.52999877929688,353.1760559082031
2022-05-03,208.55999755859375,351.94647216796875
2022-05-04,214.52000427246097,362.5011596679687
2022-05-05,205.2400054931641,347.5986633300781
2022-05-06,202.82000732421875,341.45074462890625
2022-05-09,193.0,322.6331481933594
2022-05-10,193.5800018310547,320.0166320800781
2022-05-11,196.72000122070312,320.54779052734375
2022-05-12,193.97000122070312,315.993408203125
2022-05-13,199.22999572753903,327.3646240234375
2022-05-16,197.80999755859375,324.34478759765625
2022-05-17,204.0,333.32562255859375
2022-05-18,199.9900054931641,330.4139709472656
2022-05-19,197.3699951171875,326.7940368652344
2022-05-20,199.02999877929688,330.68939208984375
2022-05-23,207.55999755859375,342.7392883300781
2022-05-24,202.6300048828125,335.12567138671875
2022-05-25,203.83999633789065,339.1292724609375
2022-05-26,208.5500030517578,344.1755065917969
2022-05-27,212.8800048828125,351.9366149902344
2022-05-31,212.1699981689453,352.0251159667969
2022-06-01,209.92999267578125,351.2283630371094
2022-06-02,215.0500030517578,357.1500549316406
2022-06-03,212.6499938964844,351.97601318359375
2022-06-06,212.94000244140625,354.25811767578125
2022-06-07,214.5,358.0747375488281
2022-06-08,213.5,356.412353515625
2022-06-09,206.11000061035156,343.300048828125
2022-06-10,199.5099945068359,329.2827453613281
2022-06-13,192.2599945068359,314.51788330078125
2022-06-14,193.52000427246097,316.8786926269531
2022-06-15,196.16000366210935,320.0756530761719
2022-06-16,189.0500030517578,303.7368469238281
2022-06-17,190.0099945068359,305.6157531738281
2022-06-21,194.38999938964844,312.21612548828125
2022-06-22,193.82000732421875,310.98651123046875
2022-06-23,196.63999938964844,311.5865478515625
2022-06-24,205.5099945068359,325.1021728515625
2022-06-27,203.55999755859375,323.4593811035156
2022-06-28,198.1199951171875,313.09161376953125
2022-06-29,199.5,317.32135009765625
2022-06-30,196.88999938964844,310.3275146484375
2022-07-01,199.17999267578125,313.0423889160156
2022-07-05,200.5399932861328,314.04571533203125
2022-07-06,201.1199951171875,314.9408874511719
2022-07-07,202.8000030517578,319.26580810546875
2022-07-08,203.57000732421875,318.270751953125
2022-07-11,205.05999755859375,319.3840026855469
2022-07-12,204.82000732421875,318.0736999511719
2022-07-13,204.1499938964844,318.5761413574219
2022-07-14,205.91000366210935,320.2115478515625
2022-07-15,210.0399932861328,327.6397705078125
2022-07-18,207.2100067138672,326.1029052734375
2022-07-19,213.66000366210935,335.333984375
2022-07-20,213.3699951171875,336.21075439453125
2022-07-21,216.19000244140625,341.7770080566406
2022-07-22,213.6999969482422,338.7821044921875
2022-07-25,214.27000427246097,339.10723876953125
2022-07-26,212.4900054931641,336.22064208984375
2022-07-27,210.47000122070312,338.18115234375
2022-07-28,211.3500061035156,347.2250671386719
2022-07-29,212.11000061035156,348.5451965332031
2022-08-01,211.36000061035156,345.3433532714844
2022-08-02,206.2599945068359,343.8360290527344
2022-08-03,208.47999572753903,348.88018798828125
2022-08-04,213.47000122070312,350.7913513183594
2022-08-05,215.8699951171875,352.21002197265625
2022-08-08,213.32000732421875,346.9393615722656
2022-08-09,210.2599945068359,341.4027099609375
2022-08-10,212.1000061035156,348.1412353515625
2022-08-11,211.0800018310547,345.3827819824219
2022-08-12,211.3300018310547,349.0180969238281
2022-08-15,216.4199981689453,354.61395263671875
2022-08-16,217.13999938964844,353.92425537109375
2022-08-17,214.52000427246097,350.06231689453125
2022-08-18,215.25,352.062255859375
2022-08-19,212.82000732421875,349.0279235839844
2022-08-22,208.61000061035156,340.3879699707031
2022-08-23,206.8000030517578,335.8365173339844
2022-08-24,206.6699981689453,334.6739501953125
2022-08-25,209.82000732421875,339.5604248046875
2022-08-26,202.88999938964844,327.0387878417969
2022-08-29,202.3300018310547,324.4675598144531
2022-08-30,201.3800048828125,322.95037841796875
2022-08-31,198.7100067138672,319.5613098144531
2022-09-01,200.1300048828125,320.42828369140625
2022-09-02,197.7599945068359,317.7781677246094
2022-09-06,198.63999938964844,319.275634765625
2022-09-07,200.4199981689453,323.7483215332031
2022-09-08,200.7100067138672,325.1768798828125
2022-09-09,205.1999969482422,330.87115478515625
2022-09-12,206.6300048828125,333.4031066894531
2022-09-13,199.6699981689453,320.6155090332031
2022-09-14,199.41000366210935,321.01934814453125
2022-09-15,195.3699951171875,312.2611999511719
2022-09-16,193.3000030517578,310.45831298828125
2022-09-19,193.1300048828125,309.3746337890625
2022-09-20,192.07000732421875,308.6258850097656
2022-09-21,187.02000427246097,299.98590087890625
2022-09-22,185.7899932861328,293.9368896484375
2022-09-23,183.9600067138672,289.22784423828125
2022-09-26,180.58999633789065,285.8092041015625
2022-09-27,177.8699951171875,282.2330017089844
2022-09-28,179.17999267578125,285.878173828125
2022-09-29,180.05999755859375,282.5187683105469
2022-09-30,177.64999389648438,280.12469482421875
2022-10-03,181.6499938964844,286.1737365722656
2022-10-04,185.6499938964844,296.8038024902344
2022-10-05,187.6699981689453,299.6903076171875
2022-10-06,185.58999633789065,295.2696838378906
2022-10-07,183.8300018310547,291.0660095214844
2022-10-10,182.17999267578125,287.9182434082031
2022-10-11,179.13999938964844,282.2640686035156
2022-10-12,178.24000549316406,279.6294250488281
2022-10-13,184.66000366210935,290.06939697265625
2022-10-14,182.6199951171875,284.869140625
2022-10-17,185.25,291.13507080078125
2022-10-18,187.1699981689453,296.4044189453125
2022-10-19,186.41000366210935,293.819091796875
2022-10-20,187.22000122070312,292.35870361328125
2022-10-21,190.3699951171875,298.3680725097656
2022-10-24,190.7100067138672,301.5553283691406
2022-10-25,194.3800048828125,307.2884521484375
2022-10-26,203.3300018310547,315.28125
2022-10-27,204.2899932861328,315.14306640625
2022-10-28,209.33999633789065,325.10943603515625
2022-10-31,207.16000366210935,323.8364562988281
2022-11-01,206.92999267578125,328.7801818847656
2022-11-02,200.9499969482422,315.5871887207031
2022-11-03,194.75,305.078125
2022-11-04,196.97999572753903,314.1562805175781
2022-11-07,200.1000061035156,320.8268127441406
2022-11-08,201.77999877929688,321.43865966796875
2022-11-09,193.92999267578125,311.46246337890625
2022-11-10,205.57000732421875,332.8061828613281
2022-11-11,205.0,334.7994689941406
2022-11-14,206.86000061035156,334.87841796875
2022-11-15,209.9900054931641,338.9635925292969
2022-11-16,210.13999938964844,338.2235107421875
2022-11-17,210.9900054931641,336.7532043457031
2022-11-18,210.8000030517578,339.14117431640625
2022-11-21,206.32000732421875,333.77325439453125
2022-11-22,210.3300018310547,340.3944091796875
2022-11-23,211.72999572753903,344.0257263183594
2022-11-25,213.7899932861328,346.6406555175781
2022-11-28,211.2599945068359,340.029296875
2022-11-29,209.05999755859375,338.588623046875
2022-11-30,217.0,351.6829528808594
2022-12-01,217.0,356.0247802734375
2022-12-02,217.66000366210935,355.29461669921875
2022-12-05,213.67999267578125,351.3770446777344
2022-12-06,209.0800018310547,342.93035888671875
2022-12-07,207.80999755859375,342.8218688964844
2022-12-08,209.1000061035156,346.522216796875
2022-12-09,208.6999969482422,344.2131652832031
2022-12-12,214.58999633789065,353.42962646484375
2022-12-13,213.0399932861328,352.4230041503906
2022-12-14,213.32000732421875,352.77825927734375
2022-12-15,207.91000366210935,341.6673583984375
2022-12-16,206.88999938964844,341.2626953125
2022-12-19,204.82000732421875,336.7433776855469
2022-12-20,205.36000061035156,338.4110107421875
2022-12-21,206.80999755859375,341.11474609375
2022-12-22,205.05999755859375,336.9998779296875
2022-12-23,205.8300018310547,339.0523986816406
2022-12-27,206.2899932861328,341.5784912109375
2022-12-28,204.9900054931641,337.4242248535156
2022-12-29,208.05999755859375,343.6014099121094
2022-12-30,207.7599945068359,343.1277160644531
2023-01-03,207.38999938964844,342.21002197265625
2023-01-04,212.61000061035156,350.4495544433594
2023-01-05,211.11000061035156,347.1142578125
2023-01-06,217.75,363.3926696777344
2023-01-09,218.6000061035156,366.6542663574219
2023-01-10,221.08999633789065,366.69378662109375
2023-01-11,222.1000061035156,373.4640502929687
2023-01-12,223.6199951171875,375.3914184570313
2023-01-13,223.05999755859375,371.15130615234375
2023-01-17,223.0,370.6373596191406
2023-01-18,219.4600067138672,364.6280822753906
2023-01-19,220.41000366210935,363.6595458984375
2023-01-20,224.30999755859375,371.9025268554687
2023-01-23,224.17999267578125,374.1658325195313
2023-01-24,223.88999938964844,375.589111328125
2023-01-25,224.8999938964844,377.94140625
2023-01-26,224.7100067138672,372.8512878417969
2023-01-27,231.44000244140625,369.67864990234375
2023-01-30,229.1000061035156,366.802490234375
2023-01-31,230.2100067138672,366.28857421875
2023-02-01,230.8999938964844,369.72808837890625
2023-02-02,229.55999755859375,370.57806396484375
2023-02-03,230.1300048828125,369.5600280761719
2023-02-06,229.44000244140625,368.6310424804687
2023-02-07,231.32000732421875,370.6966857910156
2023-02-08,230.1999969482422,366.04150390625
2023-02-09,229.3500061035156,366.1106872558594
2023-02-10,227.1999969482422,362.5623779296875
2023-02-13,228.8800048828125,366.515869140625
2023-02-14,229.38999938964844,365.6559753417969
2023-02-15,228.9199981689453,365.3397216796875
2023-02-16,225.8300018310547,363.2740173339844
2023-02-17,223.55999755859375,356.9287109375
2023-02-21,220.6199951171875,351.8188781738281
2023-02-22,220.02000427246097,350.84039306640625
2023-02-23,221.1300048828125,351.39385986328125
2023-02-24,219.5500030517578,349.01190185546875
2023-02-27,220.3500061035156,351.344482421875
2023-02-28,219.94000244140625,351.15667724609375
2023-03-01,218.36000061035156,349.38751220703125
2023-03-02,219.05999755859375,351.43341064453125
2023-03-03,223.77000427246097,357.2944030761719
2023-03-06,226.75,362.6612243652344
2023-03-07,223.1699981689453,355.7525939941406
2023-03-08,222.19000244140625,354.8531494140625
2023-03-09,220.0099945068359,350.3165588378906
2023-03-10,216.13999938964844,343.0718078613281
2023-03-13,214.47000122070312,340.69976806640625
2023-03-14,218.66000366210935,348.7154235839844
2023-03-15,216.3699951171875,344.0304870605469
2023-03-16,217.4499969482422,343.95147705078125
2023-03-17,217.38999938964844,345.5921936035156
2023-03-20,218.1499938964844,345.2561340332031
2023-03-21,221.9499969482422,350.4450378417969
2023-03-22,220.0399932861328,346.9461975097656
2023-03-23,222.58999633789065,350.2473449707031
2023-03-24,221.0399932861328,347.53924560546875
2023-03-27,221.80999755859375,350.4944763183594
2023-03-28,220.3300018310547,350.20782470703125
2023-03-29,223.3000030517578,355.34735107421875
2023-03-30,222.36000061035156,355.08050537109375
2023-03-31,225.4600067138672,359.18218994140625
2023-04-03,229.0,362.20660400390625
2023-04-04,227.66000366210935,359.6664733886719
2023-04-05,228.1699981689453,360.1218566894531
2023-04-06,225.9900054931641,357.82525634765625
2023-04-10,226.42999267578125,356.5086975097656
2023-04-11,228.4499969482422,360.4584655761719
2023-04-12,227.80999755859375,358.13214111328125
2023-04-13,232.69000244140625,365.92279052734375
2023-04-14,234.02000427246097,368.6747741699219
2023-04-17,233.47999572753903,369.00146484375
2023-04-18,233.6000061035156,368.56585693359375
2023-04-19,232.57000732421875,369.041015625
2023-04-20,234.6000061035156,371.21881103515625
2023-04-21,234.0500030517578,371.4563903808594
2023-04-24,232.7599945068359,370.9515686035156
2023-04-25,229.58999633789065,364.8140563964844
2023-04-26,228.1499938964844,363.06195068359375
2023-04-27,229.0099945068359,369.9022521972656
2023-04-28,232.72999572753903,376.1981201171875
2023-05-01,232.5099945068359,376.0298156738281
2023-05-02,226.97999572753903,372.2384643554687
2023-05-03,225.97999572753903,371.1198120117187
2023-05-04,225.6000061035156,372.3275451660156
2023-05-05,231.77999877929688,380.7814636230469
2023-05-08,232.22999572753903,381.6228637695313
2023-05-09,233.2599945068359,379.0787353515625
2023-05-10,231.27000427246097,378.6828002929687
2023-05-11,231.0099945068359,379.5242614746094
2023-05-12,231.3800048828125,378.0690612792969
2023-05-15,232.80999755859375,379.5440368652344
2023-05-16,230.47000122070312,376.4059753417969
2023-05-17,232.6499938964844,383.0978698730469
2023-05-18,233.6000061035156,388.0671997070313
2023-05-19,233.30999755859375,381.6822509765625
2023-05-22,231.27999877929688,380.6527404785156
2023-05-23,224.5800018310547,369.9814453125
2023-05-24,222.25,364.7843627929687
2023-05-25,223.3800048828125,366.308837890625
2023-05-26,225.0099945068359,370.5951843261719
2023-05-30,221.63999938964844,363.79443359375
2023-05-31,221.02999877929688,361.3394775390625
2023-06-01,226.5,367.1404113769531
2023-06-02,228.7899932861328,369.9616394042969
2023-06-05,226.77000427246097,366.7840270996094
2023-06-06,228.22000122070312,376.12884521484375
2023-06-07,225.27000427246097,367.6452331542969
2023-06-08,223.0500030517578,363.883544921875
2023-06-09,223.55999755859375,365.49713134765625
2023-06-12,226.1699981689453,371.5257263183594
2023-06-13,223.3999938964844,367.63531494140625
2023-06-14,223.44000244140625,370.9812622070313
2023-06-15,226.1699981689453,375.2180786132813
2023-06-16,228.91000366210935,372.7333984375
2023-06-20,226.47000122070312,370.8426513671875
2023-06-21,227.25,372.3473510742187
2023-06-22,228.38999938964844,373.9905700683594
2023-06-23,229.5500030517578,375.9803466796875
2023-06-26,226.3000030517578,373.6144714355469
2023-06-27,227.33999633789065,377.94036865234375
2023-06-28,227.9600067138672,376.3961181640625
2023-06-29,234.32000732421875,383.7610778808594
2023-06-30,237.47999572753903,389.3343200683594
2023-07-03,237.97000122070312,389.9876098632813
2023-07-05,239.4499969482422,390.7498779296875
2023-07-06,238.8800048828125,389.7387390136719
2023-07-07,236.4499969482422,385.31732177734375
2023-07-10,238.16000366210935,388.7671813964844
2023-07-11,240.5500030517578,394.3583679199219
2023-07-12,242.2100067138672,397.2234191894531
2023-07-13,243.30999755859375,397.0945129394531
2023-07-14,243.16000366210935,399.0277099609375
2023-07-17,243.9900054931641,398.7203674316406
2023-07-18,240.77000427246097,394.7153015136719
2023-07-19,241.4199981689453,394.8243103027344
2023-07-20,239.6199951171875,394.6161193847656
2023-07-21,239.25,394.0510864257813
2023-07-24,240.7400054931641,401.2879638671875
2023-07-25,238.69000244140625,397.8083190917969
2023-07-26,237.1000061035156,398.9284973144531
2023-07-27,234.44000244140625,391.08697509765625
2023-07-28,235.75,389.5602416992187
2023-07-31,237.72999572753903,390.8688659667969
2023-08-01,239.77999877929688,393.63470458984375
2023-08-02,237.55999755859375,386.6456909179687
2023-08-03,238.7599945068359,389.6098937988281
2023-08-04,238.9900054931641,387.9641723632813
2023-08-07,241.5099945068359,393.43646240234375
2023-08-08,239.2899932861328,389.7882690429687
2023-08-09,239.7599945068359,390.26416015625
2023-08-10,240.16000366210935,393.70416259765625
2023-08-11,240.0399932861328,391.5627746582031
2023-08-14,242.8999938964844,395.1316528320313
2023-08-15,239.8300018310547,391.0373840332031
2023-08-16,239.2899932861328,390.9580993652344
2023-08-17,237.3699951171875,389.22320556640625
2023-08-18,238.1699981689453,388.7771301269531
2023-08-21,239.4600067138672,389.7982177734375
2023-08-22,240.57000732421875,394.3980712890625
2023-08-23,242.3000030517578,397.5901794433594
2023-08-24,239.47000122070312,394.2295227050781
2023-08-25,242.57000732421875,399.40435791015625
2023-08-28,243.8300018310547,403.9150390625
2023-08-29,245.33999633789065,408.0885620117187
2023-08-30,246.22999572753903,410.32904052734375
2023-08-31,245.67999267578125,409.0700378417969
2023-09-01,248.11000061035156,411.9746398925781
2023-09-05,245.33999633789065,407.93988037109375
2023-09-06,246.16000366210935,409.6053466796875
2023-09-07,247.13999938964844,411.0328674316406
2023-09-08,247.2899932861328,411.2509460449219
2023-09-11,247.22000122070312,413.0849914550781
2023-09-12,247.3000030517578,412.6686096191406
2023-09-13,247.8300018310547,412.6983337402344
2023-09-14,241.5,409.7639465332031
2023-09-15,241.07000732421875,410.7255554199219
2023-09-18,244.66000366210935,413.5211791992187
2023-09-19,243.55999755859375,409.9523315429687
2023-09-20,241.86000061035156,406.9683532714844
2023-09-21,236.61000061035156,399.8703002929687
2023-09-22,235.0800018310547,398.74017333984375
2023-09-25,233.36000061035156,399.0078430175781
2023-09-26,229.6499938964844,391.9593200683594
2023-09-27,229.5,392.0584716796875
2023-09-28,231.66000366210935,395.9842224121094
2023-09-29,230.0099945068359,392.4847412109375
2023-10-02,231.27000427246097,392.42529296875
2023-10-03,228.80999755859375,387.67669677734375
2023-10-04,231.22000122070312,390.3533935546875
2023-10-05,233.47999572753903,391.3560485839844
2023-10-06,235.0399932861328,395.0988464355469
2023-10-09,234.44000244140625,391.8921203613281
2023-10-10,236.6000061035156,397.4815368652344
2023-10-11,235.67999267578125,396.9255676269531
2023-10-12,236.77999877929688,397.0149230957031
2023-10-13,237.6699981689453,395.1584777832031
2023-10-16,240.07000732421875,398.2658081054687
2023-10-17,241.1999969482422,398.8714599609375
2023-10-18,237.47000122070312,390.3731689453125
2023-10-19,233.80999755859375,385.07177734375
2023-10-20,233.3800048828125,381.6366882324219
2023-10-23,231.52999877929688,380.9020690917969
2023-10-24,234.6499938964844,384.11865234375
2023-10-25,236.8500061035156,383.52294921875
2023-10-26,231.27999877929688,361.9596862792969
2023-10-27,229.27000427246097,361.4533386230469
2023-10-30,233.0800018310547,369.7331848144531
2023-10-31,235.1000061035156,373.6348571777344
2023-11-01,238.5800018310547,375.0942687988281
2023-11-02,243.25,379.9291076660156
2023-11-03,243.6000061035156,383.2648620605469
2023-11-06,243.4900054931641,383.37408447265625
2023-11-07,244.77000427246097,386.06451416015625
2023-11-08,243.91000366210935,386.8885192871094
2023-11-09,241.63999938964844,385.16107177734375
2023-11-10,245.25,391.5348205566406
2023-11-13,244.6699981689453,391.5050048828125
2023-11-14,246.94000244140625,394.7811584472656
2023-11-15,248.11000061035156,393.9670715332031
2023-11-16,248.57000732421875,394.2351684570313
2023-11-17,249.55999755859375,397.41204833984375
2023-11-20,249.97000122070312,401.48248291015625
2023-11-21,252.22999572753903,405.9996337890625
2023-11-22,253.72000122070312,407.3697204589844
2023-11-24,254.3000030517578,409.5240783691406
2023-11-27,254.13999938964844,406.01953125
2023-11-28,252.94000244140625,406.0592346191406
2023-11-29,254.22999572753903,406.8633728027344
2023-11-30,256.67999267578125,410.8444213867187
2023-12-01,256.45001220703125,411.3706359863281
2023-12-04,254.44000244140625,405.2848510742187
2023-12-05,254.61000061035156,405.7415161132813
2023-12-06,254.2899932861328,407.4193420410156
2023-12-07,255.82000732421875,410.1693420410156
2023-12-08,255.7400054931641,409.18646240234375
2023-12-11,256.5199890136719,412.71087646484375
2023-12-12,259.55999755859375,417.7145080566406
2023-12-13,262.3800048828125,421.61614990234375
2023-12-14,258.7300109863281,415.540283203125
2023-12-15,258.0299987792969,415.55029296875
2023-12-18,258.3699951171875,421.3679504394531
2023-12-19,259.989990234375,422.4004821777344
2023-12-20,257.1099853515625,416.4239196777344
2023-12-21,259.5400085449219,420.3851013183594
2023-12-22,258.42999267578125,421.0403747558594
2023-12-26,259.1600036621094,420.6134643554687
2023-12-27,258.92999267578125,421.2984619140625
2023-12-28,260.3999938964844,423.2443237304687
2023-12-29,260.3500061035156,423.4329833984375
2024-01-02,258.8699951171875,418.8462829589844
2024-01-03,257.9800109863281,415.7487487792969
2024-01-04,259.6099853515625,416.7415771484375
2024-01-05,259.69000244140625,416.3941345214844
2024-01-08,262.5400085449219,419.5959167480469
2024-01-09,263.3299865722656,420.2124328613281
2024-01-10,264.55999755859375,425.8503723144531
2024-01-11,264.0299987792969,424.3091735839844
2024-01-12,264.1700134277344,426.6756896972656
2024-01-16,265.239990234375,425.929931640625
2024-01-17,266.6300048828125,425.0051879882813
2024-01-18,268.1400146484375,428.28656005859375
2024-01-19,270.8999938964844,434.3123474121094
2024-01-22,271.20001220703125,437.2655334472656
2024-01-23,271.260009765625,436.2811584472656
2024-01-24,271.6499938964844,436.2214660644531
2024-01-25,272.6099853515625,434.3322143554687
2024-01-26,267.94000244140625,436.0524291992187
2024-01-29,273.6600036621094,438.0908203125
2024-01-30,277.1499938964844,442.6748046875
2024-01-31,273.260009765625,446.6919860839844
2024-02-01,277.04998779296875,458.3159484863281
2024-02-02,277.17999267578125,457.9778442382813
2024-02-05,275.5799865722656,454.1794128417969
2024-02-06,276.760009765625,457.8982849121094
2024-02-07,279.3900146484375,459.30035400390625
2024-02-08,275.7799987792969,455.67095947265625
2024-02-09,276.42999267578125,455.2931213378906
2024-02-12,275.07000732421875,456.118408203125
2024-02-13,275.80999755859375,457.8585205078125
2024-02-14,277.55999755859375,462.5618286132813
2024-02-15,280.9800109863281,468.6173706054687
2024-02-16,278.55999755859375,465.4851989746094
2024-02-20,275.1499938964844,449.19775390625
2024-02-21,276.760009765625,456.45648193359375
2024-02-22,283.75,468.8958129882813
2024-02-23,283.6000061035156,470.7453308105469
2024-02-26,284.1499938964844,471.82916259765625
2024-02-27,283.1700134277344,472.0677795410156
2024-02-28,285.6300048828125,476.1446533203125
2024-02-29,282.6400146484375,472.0777587890625
2024-03-01,283.1600036621094,473.9371643066406
2024-03-04,280.5299987792969,465.8431396484375
2024-03-05,279.3800048828125,464.8786010742187
2024-03-06,280.42999267578125,468.9355773925781
2024-03-07,278.260009765625,464.8985290527344
2024-03-08,280.0400085449219,466.60882568359375
2024-03-11,280.55999755859375,466.5093688964844
2024-03-12,283.9200134277344,470.1983642578125
2024-03-13,285.1400146484375,472.9229431152344
2024-03-14,286.4100036621094,476.7710876464844
2024-03-15,283.0400085449219,473.14166259765625
2024-03-18,285.04998779296875,476.1844177246094
2024-03-19,287.3500061035156,481.26556396484375
2024-03-20,289.2799987792969,485.28271484375
2024-03-21,290.3699951171875,485.87933349609375
2024-03-22,283.260009765625,478.94873046875
2024-03-25,281.2099914550781,473.35052490234375
2024-03-26,280.6000061035156,474.106201171875
2024-03-27,279.0199890136719,475.2496948242187
2024-03-28,279.0799865722656,478.8492736816406
2024-04-01,278.2799987792969,475.6971435546875
2024-04-02,278.44000244140625,476.7213439941406
2024-04-03,276.9599914550781,474.72271728515625
2024-04-04,274.0,467.1159362792969
2024-04-05,277.1400146484375,474.4542541503906
2024-04-08,277.760009765625,476.80413818359375
2024-04-09,276.7200012207031,470.1427307128906
2024-04-10,274.4800109863281,467.16552734375
2024-04-11,275.67999267578125,466.30914306640625
2024-04-12,275.9599914550781,463.39166259765625
2024-04-15,271.2799987792969,457.8255615234375
2024-04-16,271.3500061035156,457.85546875
2024-04-17,272.69000244140625,458.1939697265625
2024-04-18,271.3699951171875,452.75732421875
2024-04-19,269.7799987792969,453.44439697265625
2024-04-22,272.3299865722656,454.7985534667969
2024-04-23,274.1099853515625,460.8426513671875
2024-04-24,275.0199890136719,460.52398681640625
2024-04-25,275.1600036621094,460.1356201171875
2024-04-26,274.5199890136719,460.4443664550781
2024-04-29,271.8399963378906,455.1470642089844
2024-04-30,268.6099853515625,449.2722778320313
2024-05-01,267.32000732421875,440.1812744140625
2024-05-02,267.6099853515625,439.2154235839844
2024-05-03,268.489990234375,441.684814453125
2024-05-06,272.6700134277344,447.4500732421875
2024-05-07,276.4599914550781,451.1243591308594
2024-05-08,277.19000244140625,452.8269958496094
2024-05-09,278.5400085449219,453.5439453125
2024-05-10,280.739990234375,455.027587890625
2024-05-13,279.3900146484375,455.80426025390625
2024-05-14,277.739990234375,452.2594604492187
2024-05-15,281.5,456.043212890625
2024-05-16,279.8399963378906,456.9094848632813
2024-05-17,280.1000061035156,458.3034973144531
2024-05-20,278.5400085449219,457.6961364746094
2024-05-21,275.95001220703125,457.1385192871094
2024-05-22,275.5799865722656,454.5695190429687
2024-05-23,274.2300109863281,449.2822265625
2024-05-24,274.489990234375,449.2523498535156
2024-05-28,270.9800109863281,443.1783752441406
2024-05-29,268.8599853515625,440.57958984375
2024-05-30,271.29998779296875,440.211181640625
2024-05-31,272.4599914550781,445.1599426269531
